137,2705642.33125398,262746.34555113,120069,Santana Deli & Grocery,Santana Deli & Grocery,4948 C St,19120,Healthy Corner Store,40.0249028,-75.1174216
138,2695085.97214768,223614.52430893,148085,Seven & Porter Mini Market,Seven & Porter Mini Mark,700 W Porter St,19148,Healthy Corner Store,39.9177710,-75.1594330
139,2707453.13029241,252125.94782084,134118,Shachary Grocery,$,1900 E Allegheny Ave,19134,Healthy Corner Store,39.9949540,-75.1124270
140,2675043.17730223,224519.84570458,142068,Shema's Convenience Store,Shema's Convenience Stor,6523 Elmwood Ave,19142,Healthy Corner Store,39.9219690,-75.2310800
141,2673502.83356286,225344.51486745,142103,Sita T African Grocery Store,Sita T African Grocery S,6621 Woodland Ave,19142,Healthy Corner Store,39.9246080,-75.2360840
142,2692529.52654184,223485.78627027,148089,Sophia Grocery & Deli Llc,Sophia's Grocery & Deli,2600 S Iseminger St,19148,Healthy Corner Store,39.9177210,-75.1685690
143,2695831.62738473,229002.89410889,147045,South Philly Cold Cuts,$,701 Wharton St,19147,Healthy Corner Store,39.9327820,-75.1561240
144,2671538.27693485,237095.13307064,139066,Spruce Mini Market,Spruce Super Market,284 S 60th St,19139,Healthy Corner Store,39.9567120,-75.2420930
145,2671538.27693485,237095.13307064,143096,Spruce St Market,$,284 S 60th St,19143,Healthy Corner Store,39.9567120,-75.2420930
146,2684959.22603941,229370.07643423,146047,Tasker Food Market,Tasker Food Market,1548 S Corlies St,19146,Healthy Corner Store,39.9339788,-75.1950785
147,2695440.60831195,276596.53795128,138049,Tasty Kake Outlet,Tasty Kake Outlet,7155 Ogontz Ave,19138,Healthy Corner Store,40.0635981,-75.1526856
148,2689935.14566702,226769.26364233,145060,Tc Grocery Llc #1,TC Grocery,1939 S 19Th St,19145,Healthy Corner Store,39.9266806,-75.1771834
149,2704932.98482009,253259.45330717,134125,Thelma Soza T/A J&V Deli,$,500 E Willard St,19134,Healthy Corner Store,39.9983360,-75.1209710
150,2697530.71081568,223276.67370464,148092,Tonys Mkt Antonio Tecce,$,153 W Porter St,19148,Healthy Corner Store,39.9169849,-75.1508340
151,2693278.67338041,252248.83731983,132074,Torres Grocery,$,1915 W Somerset St,19132,Healthy Corner Store,39.9968031,-75.1628066
152,2697554.43207661,251511.96066834,133077,Torres Grocery,T & R Grocery,2756 Germantown Ave,19133,Healthy Corner Store,39.9945980,-75.1477740
153,2687333.70245607,251338.86137859,132076,Torres Mini Market,Torres Mini Mart,2500 N 32nd St,19132,Healthy Corner Store,39.9946930,-75.1842430
154,2678319.24177096,236998.57784066,139070,Torres Super Market,Torres Supermarket,4801 Walnut St,19139,Healthy Corner Store,39.9562420,-75.2177700
155,2688815.91154565,242526.31566853,130015,Trust Market,$,2600 Brown St,19130,Healthy Corner Store,39.9703471,-75.1795276
156,2672294.92216112,225299.40093636,142062,Upland Mini Market,$,2024 S 68th St,19142,Healthy Corner Store,39.9241979,-75.2404310
157,2686145.18561920,230335.04391723,146049,Urena Food Mart,Wharton Food Market,1300 S 28Th St,19146,Healthy Corner Store,39.9370130,-75.1906930
158,2713277.43190816,266552.58386187,124090,Valentina Grocery,$,898 Anchor St,19124,Healthy Corner Store,40.0341688,-75.0900615
159,2679540.47001795,234491.25899697,143098,Valentino African Food Store,Valentino African Food S,4520 Baltimore Ave,19143,Healthy Corner Store,39.9486706,-75.2134862
160,2714008.32617392,259481.72721017,124091,Valerio Food Market,$,1500 Sellers St,19124,Healthy Corner Store,40.0143890,-75.0880560
161,2674310.89918520,244515.38532423,131041,Valerio's Food Market,Valerio's Food Market,5455 Lansdowne Ave,19131,Healthy Corner Store,39.9770990,-75.2316910
162,2700908.98632908,251752.46911457,134112,Vargas Mini Market,Vargas Mini Mart,241 E Cambria St,19134,Healthy Corner Store,39.9936861,-75.1269059
163,2694591.47199859,223202.52783666,148093,Ventura Deli And Mini Market,Ventura Deli and Mini Ma,2601 S 8th St,19148,Healthy Corner Store,39.9167510,-75.1609120
164,2695216.91314943,227717.91466874,148095,Vics Coffee Shop,$,1600 S 8Th St,19148,Healthy Corner Store,39.9291259,-75.1586050
165,2713314.47618789,259266.80552743,124092,Yandel Food Market,$,1362 Unity St,19124,Healthy Corner Store,40.0139100,-75.0903240
166,2673693.99472343,236337.23536784,139093,Yanley Food Market,Yanidy Food Market,5601 Pine St,19139,Healthy Corner Store,39.9547320,-75.2343210
167,2690698.89797207,245270.12945915,121065,Yasmin Food Market,Yasmin Food Market,2236 W Jefferson St,19121,Healthy Corner Store,39.9774600,-75.1729100
168,2689136.20896670,229344.43396275,146018,Young's Harvest Market,Harvest Supermarket,1426 Point Breeze Ave,19146,Healthy Corner Store,39.9338474,-75.1801692
169,2697798.62095505,242167.40984885,123001,"1022 Marshall Enterprises, Inc",1022 Marshall Enterprise,1022 N Marshall St,19123,Healthy Corner Store,29.0264934,-80.9361678
170,2691365.18004561,226439.37550088,145002,16th Street Food Market,16th St Food Market,1551 Mckean St,19145,Healthy Corner Store,39.9261650,-75.1725340
171,2689356.35789228,228989.52415660,146001,21st Food Market & Deli,21st Food Market,2050 Dickinson St,19146,Healthy Corner Store,39.9330090,-75.1794890
172,2690451.33221281,254326.40232104,132055,26th and Clearfield Mini Mart,26th and Clearfield Mini,3101 N 26th St,19132,Healthy Corner Store,40.0025853,-75.1723877
173,2704364.33940842,250523.06170055,134001,2764 Kensington Inc,2764 Kensington Inc,2764-72 Kensington Ave,19134,Healthy Corner Store,39.9912314,-75.1233261
174,2685644.02459537,226767.46079274,145025,28 & Snyder Supermarket,$,2800 Snyder Ave,19145,Healthy Corner Store,39.9271400,-75.1927510
175,2675129.14367820,236339.06617635,143028,3 Sisters #2,Delancey Food Market,5356 Delancey Street,19143,Healthy Corner Store,39.9543629,-75.2297488
176,2676963.26606607,239462.36751344,139003,51 Race Food Market Inc,51 Race Food Market,5101 Race St,19139,Healthy Corner Store,39.9630409,-75.2223379
177,2678141.46434920,231360.95068781,143003,52nd Street Food Market,52nd St Market,1401 S 52nd St,19143,Healthy Corner Store,39.9406000,-75.2185470
178,2672597.30682995,236672.70048507,143004,58th St. & Delancey Food Market,58th & Delancey Food Mar,5800 Delancey St,19143,Healthy Corner Store,39.9554100,-75.2382210
179,2690228.43296617,230478.21762624,146006,A & H Food Market,A & H Food Market,1946 Federal St,19146,Healthy Corner Store,39.9370830,-75.1766240
180,2692439.92860543,223977.93882432,148004,A&E Grocery,A & E Grocery,1300 W Porter St,19148,Healthy Corner Store,39.9189719,-75.1688240
181,2720712.83462148,274359.91420340,152014,Acai Berry Caf�,Acai Berry Caf�,7534 Castor Ave,19152,Healthy Corner Store,40.0551610,-75.0628520
182,2694429.16723510,250728.03900118,132006,Agramonte Grocery Store,Agramonte Grocery Store,2568 N Bancroft St,19132,Healthy Corner Store,39.9927735,-75.1588519
183,2705701.88323251,261387.27421825,120032,Al Aqsa Halal,Al Aqsa Halal,419 East Wyoming Ave,19120,Healthy Corner Store,40.0209060,-75.1174494
184,2675977.45114628,225423.96417448,142004,Aladdin Food Market,Aladdin Food Market,6247 Elmwood Ave,19142,Healthy Corner Store,39.9242930,-75.2278000
185,2688218.19691815,251203.56036987,132007,Alejandro Grocery Store,Alejandro Grocery,3000 W Cumberland St,19132,Healthy Corner Store,39.9940342,-75.1810349
186,2706593.81713185,253119.34518844,134004,Almanzar Mini Market,Almanzar Mini Market,800 E Willard St,19134,Healthy Corner Store,39.9978310,-75.1150930
187,2709912.13585682,269771.32477656,120014,Almonte Mini Market,Almonte Mini Market,546 Van Kirk St,19120,Healthy Corner Store,40.0431127,-75.1016247
188,2679300.78644285,234454.65054006,143009,Amin Gas & Mini Mart,Amin Gas & Mini Market,4548 Baltimore Ave,19143,Healthy Corner Store,39.9486180,-75.2143490
189,2702025.64601886,253908.74603105,140014,Angel Deli Grocery,Caribe Grocery,3300 Mutter St,19140,Healthy Corner Store,40.0005580,-75.1314760
190,2671510.85974967,236890.58081960,143011,Angelo's Food Market,Twins Mini Market,309 S 60th St,19143,Healthy Corner Store,39.9562145,-75.2419542
191,2716936.00230499,256397.35195198,137001,Angel's Deli,Angel's Deli,2350 Orthodox St,19137,Healthy Corner Store,40.0061139,-75.0781720
192,2702585.34501706,244163.69477416,125002,Annes Place,Anne's Place,460 Belgrade St,19125,Healthy Corner Store,39.9737938,-75.1300397
193,2688504.38000448,230425.59090881,146012,Arheny Food Market,Arheny Food Market,1240 S 23rd St,19146,Healthy Corner Store,39.9370880,-75.1822606
194,2710935.94335833,253222.79685943,134009,Ariel Grocery Inc,Ariel Grocery,2090 E Pacific St,19134,Healthy Corner Store,39.9976862,-75.0996802
195,2698124.50196563,250987.89107088,133003,AVP Grocery Store,Santos Grocery,811 W Lehigh Ave,19133,Healthy Corner Store,39.9930240,-75.1454520
196,2677896.55141113,231870.39082334,143040,Azcona Supermarket,Good Neighbor Market,5131 Chester Ave,19143,Healthy Corner Store,39.9418870,-75.2202460
197,2693207.55401151,250531.23741582,132010,Baez Grocery,19th St. Grocery,2500 N 19Th St,19132,Healthy Corner Store,39.9920034,-75.1633703
198,2689088.58780523,225113.32665524,145049,"Barbaro, Inc",Rocco's Market,2355 S Woodstock St,19145,Healthy Corner Store,,
199,2693610.00995183,222609.65402212,148010,Bettys Grocery,Betty's Grocery,2747 S 10Th St,19148,Healthy Corner Store,39.9146899,-75.1645017
200,2690298.58682210,253229.35853688,132062,Breton Grocery,Breton Grocery,2900 N 26Th St,19132,Healthy Corner Store,39.9996464,-75.1734525
201,2695699.97161988,257619.01464190,140012,Brother's Grocery,Lopez Grocery,1540 W Butler St,19140,Healthy Corner Store,40.0110540,-75.1540370
202,2676865.93112108,225795.77500228,142009,Buist Food Market,Buist Food Market,2561 S 61St St,19142,Healthy Corner Store,39.9250958,-75.2234396
203,2711337.95206410,271861.48898771,111004,C & R Deli Grocery,C R Grocery,6351 Rising Sun Ave,19111,Healthy Corner Store,40.0493390,-75.0955190
204,2706194.48760509,249793.57994996,134018,Cambria Mini Market,Cambria Mini Market,2085 E Cambria St,19134,Healthy Corner Store,39.9888160,-75.1166280
205,2701554.82479940,273897.42579124,126017,Candy 4 Days,Candy 4 Days,712 Oak Lane,19126,Healthy Corner Store,40.0554961,-75.1302379
206,2701596.20868919,253972.00528176,140013,Caribe Grocery,Caribe Grocery,3301 N 2Nd St,19140,Healthy Corner Store,40.0006703,-75.1328770
207,2706426.40699877,252698.89955880,134015,Carmen  Grocery,Carmen Grocery,767 East Allegheny Ave,19134,Healthy Corner Store,39.9969980,-75.1155120
208,2688082.41219867,248751.61958574,121075,Carolina Market,Carolina Market,2952 Ridge Ave,19121,Healthy Corner Store,39.9875550,-75.1821100
209,2707608.61032049,252983.67066870,134016,Casablanca Grocery,Casablanca Grocery,3257 Kensington Ave,19134,Healthy Corner Store,39.9973320,-75.1113030
210,2704929.89283043,262074.79181421,120015,Castillo's Grocery,Castillo's Deli Grocery,4800 B St,19120,Healthy Corner Store,40.0227498,-75.1203383
211,2710891.64666853,256651.17392490,124018,Chevere Mini Market #1,KE&J Mini Market,1443 E Luzerne St,19124,Healthy Corner Store,40.0074580,-75.0993110
212,2720020.25760295,272736.12796254,149005,Chopan Food Market,Chopan's Food Market,2028 Cottman Ave,19149,Healthy Corner Store,40.0503780,-75.0651750
213,2701285.58953723,251701.30842183,133009,Chris Grocery Store,Raquel Grocery,201 West Cambria St,19133,Healthy Corner Store,39.9946324,-75.1343262
214,2682635.07923926,238750.67347590,104023,City Food Market,City Food Market,401 N 40th St,19104,Healthy Corner Store,39.9605220,-75.2018480
215,2676057.65203018,231594.42603665,143024,Cjs Mini Market,CJ Mini Mart,5456 Warrington Ave,19143,Healthy Corner Store,39.9408350,-75.2265690
216,2708423.87612647,252844.70750612,134020,Cleotilde Grocery,Grocery Benny's,3339 Jasper St,19134,Healthy Corner Store,39.9968567,-75.1086052
217,2694079.37238332,272467.30398706,138046,CNA Tropical Market,$,6402 Wister St,19138,Healthy Corner Store,40.0526562,-75.1577461
218,2695387.17025553,269445.07316005,140022,Collado Grocery,Jhonny's Food Mart,1956 Nedro Avenue,19141,Healthy Corner Store,40.0434780,-75.1537580
219,2674716.95816636,247287.44729526,131008,Community Mini Market,$,1801 Georges Ln,19131,Healthy Corner Store,39.9846390,-75.2293000
1,2693670.45527218,223058.14028599,148128,10th Ave Sandwiches,$,2654 S 10th St,19148,Healthy Corner Store,39.9161519,-75.1646520
2,2706197.28127426,266302.46120960,120001,"1111 M&S Gas, Inc.",$,5570 Rising Sun Ave,19120,Healthy Corner Store,40.0343300,-75.1153960
3,2689923.01982340,252297.22335464,132001,27th Food Market,Martinez Grocery,2655 W Sterner St,19132,Healthy Corner Store,39.9972060,-75.1752910
4,2674987.37246022,241703.16029028,131002,54 & Wyalusing Food Market,$,5414 Wyalusing Ave,19131,Healthy Corner Store,39.9689640,-75.2290140
5,2674708.22253726,239758.91943890,139005,55th Street Food Market,$,5501 Race Street,19139,Healthy Corner Store,39.9639838,-75.2303552
6,2673047.28229741,226749.75177707,142001,8 Brothers Supermarket,8 Brother Food Market,1930 S 65Th St,19142,Healthy Corner Store,39.9281450,-75.2377190
7,2690100.60055627,247534.34843075,121082,A & L Mini Market,$,2451 W Berks St,19121,Healthy Corner Store,39.9841559,-75.1747541
8,2703470.68175473,248732.27365948,125001,A&M Mini Market Almonte II,$,2533 Emerald St,19125,Healthy Corner Store,39.9859782,-75.1267319
9,2715665.55373951,267048.07419769,149042,Abreu Super Deli,$,6059 Castor Ave,19149,Healthy Corner Store,40.0354839,-75.0807830
10,2674305.62960694,236648.04709230,139031,AD Eight Brothers,AD Eight Brothers,5503 Spruce St,19139,Healthy Corner Store,39.9555830,-75.2321000
11,2691535.70736356,233134.45374333,146008,Adabel Deli Inc,Adam's Deli & Food Marke,1739 South St,19146,Healthy Corner Store,39.9445311,-75.1715879
12,2701708.61687059,261041.30447464,140004,Almonte Mini Market,Almonte Mini Market,328 W Annsbury St,19140,Healthy Corner Store,40.0199629,-75.1320829
13,2706454.27683229,252109.86037602,134053,Amancio Dollar Outlet,Amancio Dollar Outlet,3101 Kensington Avenue,19134,Healthy Corner Store,39.9950618,-75.1155649
14,2713065.14175320,266246.15878359,124007,Ami Food Market Inc.,$,899 E Sanger St,19124,Healthy Corner Store,40.0336334,-75.0905703
15,2694864.08749105,251267.11991401,132009,Anabel's Grocery,Anabel's Grocery,1555 W Oakdale St,19132,Healthy Corner Store,39.9939950,-75.1577540
16,2674841.59923163,247775.89762145,131005,Angelinas Grocery Store,Angelina's Grocery Store,5301 Euclid St,19131,Healthy Corner Store,39.9859198,-75.2291807
17,2726951.38901426,265687.44593336,135001,Anna's Deli,Anna's Deli,4424 Princeton Ave,19135,Healthy Corner Store,40.0302200,-75.0410480
18,2692198.93681506,230104.53051803,146013,Ariana Grocery II,$,1200 S 15th St,19146,Healthy Corner Store,39.9359042,-75.1691327
19,2692596.25066054,265958.84558337,144004,Ashmead Variety,$,309 E Ashmead St,19144,Healthy Corner Store,40.0351893,-75.1631298
20,2688464.59463804,230129.21349262,146014,Baez Grocery Llc,$,1267 S 23rd St,19146,Healthy Corner Store,39.9360911,-75.1820703
21,2674456.29996082,226268.88664394,142006,Bain'S Halal Market And Grocery,Bain's Halal Market and,6351 Woodland Ave,19142,Healthy Corner Store,39.9267309,-75.2331960
22,2699491.73007627,259955.93585988,140095,Basilio Grocery Store,$,801 W Bristol St,19140,Healthy Corner Store,40.0174260,-75.1398352
23,2672132.16558621,221704.63455687,142071,Bensale,Dove Market,7244 Elmwood Ave,19142,Healthy Corner Store,39.9142090,-75.2412490
24,2684693.01648046,229614.03143045,146015,Black Angel Food Market,Black Angel Food Market,1501 S 31St St,19146,Healthy Corner Store,39.9351344,-75.1955438
25,2689269.86523315,232546.02868395,146030,Brianette Deli + Grocery LLC,Kennedy Grocery,755 S 22Nd St,19146,Healthy Corner Store,39.9428950,-75.1788790
26,2695189.71885672,257097.99889760,140010,Britos Grocery,$,1627 W Erie Ave,19140,Healthy Corner Store,40.0101380,-75.1558470
27,2673077.34291857,244804.70478548,131006,Cabrera Mini Market,$,1660 N 57Th St,19131,Healthy Corner Store,39.9780640,-75.2358490
28,2700404.18978043,259057.31560786,140016,Carlos Mini Market #1,$,4171 N Fairhill St,19140,Healthy Corner Store,40.0150330,-75.1363210
29,2691550.66470262,228676.12774092,146016,Castro Grocery,Castro Grocery,1500 S 16Th St,19146,Healthy Corner Store,39.9320607,-75.1715861
30,2689317.44741450,246514.42150794,121015,Cecil B Moore Grocery,Cecil B Moore Grocery,2604 Cecil B Moore Ave,19121,Healthy Corner Store,39.9810400,-75.1775620
31,2675799.16249267,234908.06971398,143020,Cedar Food Market Inc.,Cedar Food Market Inc.,600 S 52nd St,19143,Healthy Corner Store,39.9503560,-75.2272130
32,2679453.74522744,233376.15496085,143021,Chester Food Plaza,$,4700 Chester Ave,19143,Healthy Corner Store,39.9457320,-75.2139350
33,2696200.12361292,228332.38954671,147064,Chuen Hing Grocery,$,1414 S 6th St,19147,Healthy Corner Store,39.9307643,-75.1548501
34,2696522.42154551,261493.30619768,140021,Collado Grocery,$,4501 N 15Th St,19140,Healthy Corner Store,40.0217450,-75.1499510
35,2707643.22487487,253677.86208951,134060,Collado Mini Market,$,942 E Ontario St,19134,Healthy Corner Store,39.9992260,-75.1113440
36,2690962.43457961,263781.42233391,144007,Complete Grocery And Deli,$,147 W Hansberry St,19144,Healthy Corner Store,40.0286206,-75.1699195
37,2695551.40631960,226936.46890223,147009,Cristo Rey Tienda Mexicana,$,1724 South 7Th St 1st Fl,19147,Healthy Corner Store,28.9602407,-81.3236329
38,2688566.02257888,227407.05203299,145013,Cruz & F Grocery,$,1838 S 22nd St,19145,Healthy Corner Store,39.9286330,-75.1824029
39,2689495.03968358,226824.47777236,145012,Cruz Brother Mini Market,$,1941 S 20th St,19145,Healthy Corner Store,39.9269000,-75.1787720
40,2720706.67629700,259821.92476939,124020,D&S Quick Stop,$,5537 Torresdale Ave,19124,Healthy Corner Store,40.0150140,-75.0638630
41,2692043.55954049,252591.19104130,132059,Dave's Meat Market,Dave's Meat Market,2831 N 22nd St,19132,Healthy Corner Store,39.9978730,-75.1667750
42,2691661.00547901,246492.23754872,121020,Delaware Valley Market,Delaware Valley Market,1753 N 21St St,19121,Healthy Corner Store,39.9815645,-75.1687643
43,2675048.63568041,225329.19236815,142016,Denia A Sanchez Padilla Grocery,$,6401 Grays Ave,19142,Healthy Corner Store,39.9243270,-75.2307540
44,2696147.10355949,256970.79630362,140033,Dollar Crazy,Erie Deli & Grocery,1414 W Erie Ave,19140,Healthy Corner Store,40.0091250,-75.1522510
45,2709370.38741762,249477.12580622,124021,Dollar Global,Dollar Global,2413 E Allegheny Ave,19124,Healthy Corner Store,39.9878810,-75.1053500
46,2689658.56947801,228034.04112269,145020,Duran Mini Market,Duran Grocery,1701 S 20th St,19145,Healthy Corner Store,39.9303720,-75.1779900
47,2671160.55748976,245078.72486965,151012,Economic Jefferson Food Market,$,6101 W Jefferson St,19151,Healthy Corner Store,39.9789190,-75.2425410
48,2697644.41431800,261661.29167667,140074,Edison Mini Market,$,4561 N 13Th St,19140,Healthy Corner Store,40.0225510,-75.1458180
49,2703133.40242937,261049.16133911,140031,El Nino Grocery,$,4540 Rising Sun Ave,19140,Healthy Corner Store,40.0199380,-75.1268980
50,2701230.92595258,250562.29331809,133019,El Rincon Restaurant,El Rinc�n Latino,186 West Lehigh Ave,19133,Healthy Corner Store,39.9911070,-75.1346839
51,2700351.38792284,258667.10128227,140032,Elio Grocery,$,4100 N Fairhill St,19140,Healthy Corner Store,40.0137510,-75.1370220
52,2674196.17155756,223696.68183653,142024,Elmwood Market,Elmwood Market,6731 Elmwood Ave,19142,Healthy Corner Store,39.9199780,-75.2338550
53,2702179.65811843,263826.21721510,120026,Elvis Grocery,$,326 W Ashdale St,19120,Healthy Corner Store,40.0275840,-75.1303680
54,2696849.95525032,250571.50947742,133021,Estevez Grocery,Esteves Grocery,1118 W Huntingdon St,19133,Healthy Corner Store,39.9915901,-75.1502973
55,2689239.09437912,271137.76357915,144009,Estevez Grocery,$,457 E Washington Ln,19144,Healthy Corner Store,40.0490980,-75.1751970
56,2708679.90951119,265607.68712465,124027,F&R Food Market,$,5271 Howland St,19124,Healthy Corner Store,40.0320170,-75.1060353
57,2697062.59899096,265410.03479373,141011,Family's Grocery,$,5200 N 15th St,19141,Healthy Corner Store,40.0325580,-75.1480960
58,2670597.25344763,243873.33333150,151006,Felton Mini Market Inc.,Felton Mini Market,6225 Lansdowne Ave,19151,Healthy Corner Store,39.9756230,-75.2446430
59,2701831.03046239,266693.20830177,120111,Fouta Food Market,Fouta Food Market,5549 N 5th St,19120,Healthy Corner Store,40.0360860,-75.1302720
60,2713466.51470549,265975.72938053,124031,Francisco Mini Market,$,948 E Sanger St,19124,Healthy Corner Store,40.0325188,-75.0894680
61,2699367.58542277,257688.11126543,140093,Franklin Mini Mkt,$,3900 North Franklin Stre,19140,Healthy Corner Store,40.0111405,-75.1406084
62,2697764.43471187,247382.74162605,122011,Friend Mini Market,Friend Mini Market,2063 N 8th St,19122,Healthy Corner Store,39.9833530,-75.1469330
63,2695298.92688258,225121.77708202,148024,Friendly Market,Friendly Market,2135 S 7Th St,19148,Healthy Corner Store,39.9218085,-75.1582260
64,2696428.53612857,226767.88081215,148018,Fuji Food Market,Gonzalez Primitiva,1741 S 5Th St,19148,Healthy Corner Store,39.9261830,-75.1540370
65,2688345.12738472,229261.21717140,146021,G & N Grocery Deli,G&N Grocery,1438 S 23Rd St,19146,Healthy Corner Store,39.9337140,-75.1829920
66,2703178.18550833,254294.13476440,134042,Garcia Grocery,$,177 E Ontario St,19134,Healthy Corner Store,40.0015490,-75.1268070
67,2699251.19692219,257132.90877831,140129,Garcia Grocery,$,734 W Butler St,19140,Healthy Corner Store,40.0094100,-75.1413530
68,2726934.33690900,265711.20083513,135039,George's Deli,George's Deli,4419 Princeton Ave,19135,Healthy Corner Store,40.0309910,-75.0409899
69,2690247.54708461,229031.96980662,146022,Gil Grocery #2,Wilder St Food Market,1426 S 19th St,19146,Healthy Corner Store,39.9332475,-75.1761781
70,2700165.53382581,258692.96837544,140048,Gomez Grocery,$,4100 N 6Th St,19140,Healthy Corner Store,40.0137368,-75.1375199
71,2702677.97499844,268970.80558581,120031,Gonzalez Grocery,Gonzalez Grocery,5963 N 4Th St,19120,Healthy Corner Store,40.0421760,-75.1270420
72,2708501.68999841,263852.46901351,124036,Gonzalez Mini Market,$,5144 Whitaker Ave,19124,Healthy Corner Store,40.0274379,-75.1074220
73,2688672.48967597,266049.63078484,144013,Green Grocer,$,5810 Greene Stste 1,19144,Healthy Corner Store,37.3016767,-93.2634279
74,2705437.39733943,265041.88728695,120097,Guerrero Grocery,$,5324 Rising Sun Ave,19120,Healthy Corner Store,40.0311949,-75.1180100
75,2694303.86141267,224378.21336697,148032,Hai Yan Grocery,Hai Yan Grocery,2330 S 9th St,19148,Healthy Corner Store,39.9201320,-75.1622120
76,2710486.51676241,256312.22051916,134131,Health Food International,Health Food Internationa,3939 M St,19134,Healthy Corner Store,37.3374211,-120.4783736
77,2704093.31874616,262174.61861334,120112,Hershey's Ice Cream Grocery,Hershey's Ice Cream Groc,146 E. Louden St,19120,Healthy Corner Store,40.0226700,-75.1224290
78,2693707.86332276,241082.68865018,130024,Hot Spot Grocery & Deli,Hot Spot Grocery & Deli,655 N 15th St,19130,Healthy Corner Store,39.9658560,-75.1621150
79,2689184.20376937,263488.75004445,144017,J & J Family Grocery,$,301 W Coutler St,19144,Healthy Corner Store,40.0277980,-75.1762600
80,2682842.26171196,243351.33672205,104011,J & R Food Market,$,3874 Poplar St,19104,Healthy Corner Store,39.9728170,-75.2013030
81,2717234.76000029,260182.16309294,124042,J & R Mini Market,JR Mini Market,1838 Harrison St,19124,Healthy Corner Store,40.0161400,-75.0763010
82,2702929.07132852,264189.63110658,120036,Jaquez Family Grocery,$,5134 N 2nd St,19120,Healthy Corner Store,40.0284677,-75.1271299
83,2704320.51231817,270105.04070548,120037,Jaquez Grocery,$,143 West Godfrey Ave,19120,Healthy Corner Store,40.0449500,-75.1215250
84,2690091.93699015,267797.23083057,144018,Jaquez Grocery,Jaquez Grocery,301 E Price St,19144,Healthy Corner Store,40.0397410,-75.1726590
85,2694125.19175948,226356.08540400,148036,Jd Grill & Deli Inc,$,1913 S 10Th St,19148,Healthy Corner Store,39.9255560,-75.1622440
86,2705437.51815123,252833.80082743,134056,Jerrys General,Discount Cigarettes,600 E Allegheny Ave,19134,Healthy Corner Store,39.9970120,-75.1192700
87,2676238.66830431,240496.82029537,139036,Jonalis Grocery,Jonathan Cepeda Grocery,315 N 52nd Street,19139,Healthy Corner Store,39.9657570,-75.2244160
88,2696988.66747317,223482.62141697,148040,Jose Vargas Deli,Richie Deli,2438 S 3Rd St,19148,Healthy Corner Store,39.9171900,-75.1527830
89,2670474.29828559,246936.42605401,151022,Joseph P Giordano Jr,$,6154 Lancaster Ave,19151,Healthy Corner Store,39.9840033,-75.2451247
90,2693497.32530340,274299.30496177,138011,Josue Grocery,Josue Grocery,6672 Cornelius St,19138,Healthy Corner Store,40.0571948,-75.1601748
91,2694946.02351742,229001.69666547,148055,L M Grocery Store,L M Grocery,1309 S 9th St,19148,Healthy Corner Store,39.9327250,-75.1590219
92,2693038.53457929,228260.52636533,147026,La Fortuna,$,1548 S 13th Street,19147,Healthy Corner Store,39.9303173,-75.1664554
93,2701505.57045802,254523.69931627,140064,La Original Grocery,$,212 W Ontario St,19140,Healthy Corner Store,40.0020710,-75.1331210
94,2698369.61536167,245268.71635416,122017,La Sienega Deli Grocery #1,$,601 Cecil B Moore Ave,19122,Healthy Corner Store,39.9772000,-75.1453820
95,2698787.06991642,242732.04005222,123012,Lawrence Bakery Inc.,$,423 W Girard Ave,19123,Healthy Corner Store,39.9703280,-75.1441220
96,2686023.81452819,266784.64636181,144041,Lee's Market,Lee's Market,280 W Washington Ln,19144,Healthy Corner Store,40.0369529,-75.1868840
97,2695467.03824284,223084.55368525,148051,Little Petes Deli,Little Pete's Deli,2600 S 6Th St,19148,Healthy Corner Store,39.9164532,-75.1580070
98,2696309.40346045,225911.70037619,148054,Los Coyotes,Los Volcanos,1924 S 5Th St,19148,Healthy Corner Store,39.9242100,-75.1548810
99,2717504.24525766,260631.91445046,124056,Los Manueles Grocery,$,1829 Wakeling St,19124,Healthy Corner Store,40.0176999,-75.0752361
100,2690043.47174344,269586.08077310,144025,Magnolia Variety Store,$,461 E High St,19144,Healthy Corner Store,40.0450489,-75.1721440
101,2714970.18198823,257568.47017249,124023,Manabao Food Market,$,1900 Church St,19124,Healthy Corner Store,40.0093113,-75.0849033
102,2703157.41086145,243796.28535530,125014,Mandi's Deli,Mandi's Deli & Steak Sho,543 E Thompson St,19125,Healthy Corner Store,39.9729560,-75.1281070
103,2705994.71818156,260366.54640027,120051,Marcela Market,$,4566 D Street,19120,Healthy Corner Store,40.0188450,-75.1166850
104,2717396.19022843,256983.89531464,124061,Margaret Mini Market,$,2300 Margaret Street,19124,Healthy Corner Store,40.0075410,-75.0763730
105,2703401.74622684,254262.77824275,134134,Marlin's Deli,V & V Deli,208 E Ontario St,19134,Healthy Corner Store,40.0010940,-75.1264200
106,2673256.74327557,243771.16465272,131026,Martinez Grocery,Media Geocery,1501 N 57Th St,19131,Healthy Corner Store,39.9750470,-75.2347470
107,2674500.58513070,243373.70942695,131023,Maximino Food Market Inc,Rodriguez #2 Mini Market,5453 Master St,19131,Healthy Corner Store,39.9738840,-75.2310660
108,2691517.99453628,247110.91913521,121039,Mercado Food Market,Mercado Food Market,1859 N Van Pelt St,19121,Healthy Corner Store,39.9831710,-75.1692080
109,2675999.31450726,236421.65146080,143064,Mezquita Grocery,Mezquita Grocery,300 S 52nd St,19143,Healthy Corner Store,39.9544840,-75.2263270
110,2697766.05151280,249650.65330397,133060,Mini Mart,Mini Mart,2445 Germantown Ave,19133,Healthy Corner Store,39.9896407,-75.1471618
111,2693546.91591349,225518.93804523,148062,Mom's Variety,Mom's Variety,1101 Cantrell St,19148,Healthy Corner Store,39.9233607,-75.1646243
112,2694749.69363206,261735.73016307,140078,Mora Mini Market Inc,$,4501 N 19Th St,19140,Healthy Corner Store,40.0225650,-75.1562490
113,2702636.82818909,245407.17651588,125031,Mr. Bill's Deli,Mr. Bill's Deli,1638 E Berks St,19125,Healthy Corner Store,39.9769760,-75.1302650
114,2693135.03405675,249990.10500785,132079,Norris St Convenience Store,Norris St Convenience St,2400 N 19th St,19132,Healthy Corner Store,39.9905060,-75.1636980
115,2691549.97762840,227777.27574741,145046,Nu Mini Market,$,1542 Morris St,19145,Healthy Corner Store,39.9294942,-75.1718020
116,2692213.44640123,231699.88998128,146035,Nunez Grocery,$,1544 Christian St,19146,Healthy Corner Store,39.9402360,-75.1694830
117,2698343.17328137,247510.12305389,122022,Ortega Grocery #2,$,642 Diamond St,19122,Healthy Corner Store,39.9831020,-75.1456630
118,2694204.88970422,258471.40907356,140025,P&P Mini Market,$,1900 W Hunting Park Ave,19140,Healthy Corner Store,40.0134220,-75.1586729
119,2674050.63379917,241894.95169424,131027,Papi Food Market,Papi Food Market,641 N 56th St,19131,Healthy Corner Store,39.9698470,-75.2321520
120,2716362.00348212,264565.60291916,124073,Papos Grocery,$,1601 E Cheltenham Ave,19124,Healthy Corner Store,40.0286810,-75.0787970
121,2685538.76720622,240155.93594838,104029,Peralta Food Market,$,601 N 34th St,19104,Healthy Corner Store,39.9641890,-75.1913520
122,2714999.99157063,265221.07052197,124069,Peralta Food Market,$,5451 Rutland St,19124,Healthy Corner Store,40.0307520,-75.0832250
123,2691974.02007200,248762.38672887,121046,Peralta's Grocery,Susquehanna Food Market,2163 N 21St St,19121,Healthy Corner Store,39.9876386,-75.1674315
124,2699135.85141684,253700.53673579,133039,Perez Grocery #2,Aria Grocery (? - faded,640 W Allegheny Ave,19133,Healthy Corner Store,39.9999560,-75.1421010
125,2691861.14792000,229101.78607453,146039,Phong Grocery,Phong Grocery,1519 Reed St,19146,Healthy Corner Store,39.9333960,-75.1702690
126,2698460.00489581,249794.03535882,133059,Pichardo Food Market,Pichardo's Food Market,701 W Cumberland St,19133,Healthy Corner Store,39.9896529,-75.1445730
127,2679300.78644285,234454.65054006,143124,Pickles and Pies Deli,Pickles & Pies,4533 Baltimore Ave,19143,Healthy Corner Store,39.9491690,-75.2143849
128,2677423.48531565,241028.21689478,139052,Porfi Grocery,Lorena's Grocery,850 N 50th St,19139,Healthy Corner Store,39.9671715,-75.2206976
129,2707724.80868000,263831.60987254,124001,R&W,$,5087 F St,19124,Healthy Corner Store,40.0272260,-75.1096650
130,2677500.12063553,229208.14536899,143072,Ray's Grocery,$,5540 Woodland Ave,19143,Healthy Corner Store,39.9343530,-75.2214149
131,2690438.20764776,230432.96113729,146020,Right Triangle,Dorothy J. V. Perrine,1201 S 19Th St,19146,Healthy Corner Store,39.9368785,-75.1749714
132,2689977.69174818,246073.10339746,121049,Rodriguez Food Market II,Quality Food Mart,2454 Turner St,19121,Healthy Corner Store,39.9798999,-75.1758089
133,2690520.19117264,252627.46220121,132040,Rodriguez Mini Market,Rodriguez Mini Market,2513 W Somerset St,19132,Healthy Corner Store,39.9980560,-75.1724110
134,2706246.26761643,250727.85914816,134089,Romano Grocery,Romano Grocery,2000 E Orleans St,19134,Healthy Corner Store,39.9912665,-75.1167804
135,2674129.74922704,222020.15867299,142051,Romano Grocery,$,6935 Dicks Ave,19142,Healthy Corner Store,39.9154010,-75.2342830
136,2688609.92357818,245058.30528533,121029,Sajoma Grocery,J & M Grocery,1400 N Etting St,19121,Healthy Corner Store,39.9772510,-75.1801703
467,2706134.73003188,253887.55733235,134012,Bonifacio Grocery,Marisol Mini Market,701 E Ontario St,19134,Enhanced Healthy Corner Store,40.0002273,-75.1165601
468,2677101.19902440,234068.45881159,143017,Boost Market,Market,4922 Baltimore Ave,19143,Enhanced Healthy Corner Store,39.9478060,-75.2222759
469,2688048.54572625,246548.08722556,121010,Bravo Mini Market,Bravo Mini Mart,1646 N 29Th St,19121,Enhanced Healthy Corner Store,39.9817120,-75.1821750
470,2699768.78341895,246758.49587142,122018,Brillante Mini Market,Brillante Mini Market,312 W Norris St,19122,Enhanced Healthy Corner Store,39.9808510,-75.1401530
471,2694188.38583859,247850.74890623,121071,Brisita Grocery,Fontain Deli Market,2027 N 16th St,19121,Enhanced Healthy Corner Store,39.9844030,-75.1597440
472,2691888.65688414,244566.76124551,121012,Brother's Mini Market,Brother?s,2012 Ridge Ave,19121,Enhanced Healthy Corner Store,39.9755850,-75.1687140
473,2690240.17024980,248071.48011958,121013,C Food Market,C Community Food Market,2440 W Norris St,19121,Enhanced Healthy Corner Store,39.9853190,-75.1745669
474,2700940.87647745,246595.55277930,122007,Canemo Grocery,Tejada Food Market,172 W Norris St,19122,Enhanced Healthy Corner Store,39.9804837,-75.1359330
475,2722503.36079958,277021.35861467,152002,Castor Discount,Castor Discount Grocery,8011 Castor Ave,19152,Enhanced Healthy Corner Store,40.0619820,-75.0554200
476,2689009.59699672,232122.24615566,146017,Christian Food Market,Christian Food Market,2243 Christian Street,19146,Enhanced Healthy Corner Store,39.9419970,-75.1807830
477,2700365.48505354,251273.43740818,133010,Chuchu Mini Market,Chuchu Mini Market,323 W Somerset St,19133,Enhanced Healthy Corner Store,39.9935595,-75.1378482
478,2692432.33696001,244914.43294527,121017,City Food Market,City Food Market,1445 North 19th St,19121,Enhanced Healthy Corner Store,39.9767764,-75.1664658
479,2687992.36450432,246170.00698461,121019,Community Food Market Llc #1,Community Minimarket,2901 W Oxford St,19121,Enhanced Healthy Corner Store,39.9805790,-75.1823170
480,2669885.53872227,242092.02112104,151009,Community Mini Market,Community Mini Market,6400 W Girard Ave,19151,Enhanced Healthy Corner Store,39.9706177,-75.2472474
481,2693176.81401189,226021.71262298,148132,Convenience Grocery,Convenience Grocery,2015 S 12th St,19148,Enhanced Healthy Corner Store,39.9245975,-75.1656634
482,2695301.47435776,231568.61939232,147084,Dasani LLC,Dasani,800 S 9th St,19147,Enhanced Healthy Corner Store,39.9396850,-75.1578560
483,2690284.47378654,249809.29197823,132034,De Los Santos Mini Mart,25th St Mini Mart,2300 N 25th St,19132,Enhanced Healthy Corner Store,39.9902804,-75.1738430
484,2675604.39023328,236277.17878713,143042,Delancey Food Market,German Grocery,5266 Delancey St,19143,Enhanced Healthy Corner Store,39.9541539,-75.2279951
485,2703985.36436482,261610.94173064,120020,Diaz Grocery,Diaz Grocery,140 E Wyoming Ave,19120,Enhanced Healthy Corner Store,40.0211550,-75.1226779
486,2672222.10730261,233697.27580206,143041,Dios Prueba el Hombre Grocery,Ventura Papi Grocery,901 S 58th St,19143,Enhanced Healthy Corner Store,39.9472740,-75.2395360
487,2697364.20391927,250422.89020526,133016,Double Star Food Mart,Double Star Food Mart,2562 Germantown Ave,19133,Enhanced Healthy Corner Store,39.9914212,-75.1485652
488,2674541.63850568,226349.55116278,142021,Dynamic Dollar,Dynamic Dollar,6316 Woodland Ave,19142,Enhanced Healthy Corner Store,39.9268120,-75.2321050
489,2695208.96601139,248595.92796011,132092,Eagle Super Food Market,Eagle Super Food Market,2208 N Broad St,19132,Enhanced Healthy Corner Store,39.9865095,-75.1561761
490,2696433.58713833,226801.39256603,148019,El Rey Dominicano Super Market,El Rey Dominicano,1724 S 5Th St,19148,Enhanced Healthy Corner Store,39.9266390,-75.1543310
491,2695026.43381846,223143.93506818,148060,El Rey Dominicano Supermarket I,El Rey Dominicano Superm,2601 S 7Th St,19148,Enhanced Healthy Corner Store,39.9165470,-75.1593810
492,2700661.43176094,247003.51562142,122004,El Ruvio Grocery,El Ruvio Grocery,2066 N 2nd St,19122,Enhanced Healthy Corner Store,39.9817284,-75.1369595
493,2671281.47952595,235150.62950054,143033,"Ena Foods, Inc",ENA Foods,648 S 60Th St,19143,Enhanced Healthy Corner Store,,
494,2693129.47261860,245463.02865349,121025,Estevez Food Market,8 Brother's Food Market,1738 W Oxford St,19121,Enhanced Healthy Corner Store,39.9778970,-75.1644929
495,2696203.18293700,248989.99471497,133097,Family M Mini Mart,Torres Mini Mart,1213 W Dauphin St,19133,Enhanced Healthy Corner Store,39.9875988,-75.1525659
496,2699319.72899227,252541.59845034,133066,Felix Grocery,Felix Grocery,3000 N 6th St,19133,Enhanced Healthy Corner Store,39.9969414,-75.1411907
497,2700017.73904239,252432.88792842,133065,Filpo Grocery,Reyes Grocery,440 W Indiana Ave,19133,Enhanced Healthy Corner Store,39.9964249,-75.1386909
498,2698911.52460047,253038.32331878,140045,Fior Mini Market,Miledis Grocery,3064 N 7th St,19133,Enhanced Healthy Corner Store,39.9985670,-75.1427220
499,2699251.38338596,244094.46481250,122016,Four Jefferson Mini Market,La Joya Grocery,1500 N 4Th St,19122,Enhanced Healthy Corner Store,39.9738648,-75.1424159
500,2702588.57011855,252875.62136401,133029,Front Street Grocery Store Inc,Front St Grocery,3123 N Front St,19133,Enhanced Healthy Corner Store,39.9974920,-75.1292040
501,2699623.98907957,258217.62016091,140046,Gil's Deli,Gil's Deli,4001 N 7Th St,19140,Enhanced Healthy Corner Store,40.0125370,-75.1392110
502,2695984.35050102,239795.82260648,123008,Golden Bridge Grocery,Golden Bridge Grocery,551 N 10th St,19123,Enhanced Healthy Corner Store,39.9625388,-75.1542691
503,2704130.24702572,248242.14603295,125009,Gomez Grocery,Gomez Grocery,2572 Frankford Ave,19125,Enhanced Healthy Corner Store,39.9849860,-75.1245510
504,2668219.09294495,244132.36373470,151019,Gomez Grocery,Economic Mini Mart,6621 Lebanon Ave,19151,Enhanced Healthy Corner Store,39.9765919,-75.2529300
505,2692985.05752152,261747.43430869,144036,Gomez Supermarket,Gomez Supermarket,4562 Wayne Ave,19144,Enhanced Healthy Corner Store,40.0227120,-75.1633010
506,2679983.20590012,231662.01107311,143054,Good Neighbor Mini Mart,Good Neighbor Market,4837 Woodland Ave,19143,Enhanced Healthy Corner Store,39.9411600,-75.2126090
507,2684173.67601577,240767.67227687,104031,Good Neighbor Supermarket,Good Neighbor Supermarke,3701 Fairmount Ave,19104,Enhanced Healthy Corner Store,39.9658713,-75.1964192
508,2705081.71319012,252309.90111974,134051,Herrera Grocery,J.A.M.M. Grocery,3101 Rorer St,19134,Enhanced Healthy Corner Store,39.9958640,-75.1204400
509,2699837.14753941,252195.44867614,133099,Indiana Food Market,Indiana Food Market,2952 N 5th St,19133,Enhanced Healthy Corner Store,39.9964350,-75.1394880
510,2672377.15534537,221943.53995618,142037,J & D Market,K&D International Market,7200 Elmwood Ave,19142,Enhanced Healthy Corner Store,39.9148790,-75.2403380
511,2673407.48034807,234103.63697077,143022,J & D Mini Market,Christian Mini Market,801 S 56th St,19143,Enhanced Healthy Corner Store,39.9483200,-75.2352690
512,2691376.55684467,240658.81148450,130010,J & K Food Market,J & K Food Market,2001 Green St,19130,Enhanced Healthy Corner Store,39.9652220,-75.1707330
513,2676392.72263671,230417.60013018,143045,Jaquez Mini Market,Jaquez Market,5535 Chester Ave,19143,Enhanced Healthy Corner Store,39.9381080,-75.2254942
514,2679023.58209010,232960.66079904,143046,Jennifer Grocery,Jennifer Grocery,4823 Chester Ave,19143,Enhanced Healthy Corner Store,39.9443090,-75.2163742
515,2699165.34610776,258576.12904860,140079,Jerez Grocery,Jerez Grocery,4056 N Darien St,19140,Enhanced Healthy Corner Store,40.0125275,-75.1412842
516,2702639.80265157,254369.75727067,140060,Joselin Grocery,Joselin Mini Mart,106 W Ontario St,19140,Enhanced Healthy Corner Store,40.0015440,-75.1290830
517,2694180.32582452,223485.17682560,148042,Josie's Food Market,Josie's Food Market,2554 S 9Th St,19148,Enhanced Healthy Corner Store,39.9171989,-75.1628350
518,2700003.01141490,249580.01893941,133049,Josue Grocery,Josue Grocery,401 W Cumberland St,19133,Enhanced Healthy Corner Store,39.9889409,-75.1391030
519,2701646.54922466,265341.82072910,120039,Joy & Smile Deli,Joy & Smile Deli,5301 N 5th St,19120,Enhanced Healthy Corner Store,40.0319071,-75.1314851
520,2704849.18072795,262636.62117472,120042,Kailyn Grocery,Kailyn Grocery,253 E Rockland St,19120,Enhanced Healthy Corner Store,40.0243312,-75.1199180
521,2694458.18361313,249803.80711369,132042,L K Mini Market #1,L&K Mini Market,2401 N 16th St,19132,Enhanced Healthy Corner Store,39.9898570,-75.1586000
522,2706083.74560514,262315.15001918,120044,L&M Food Market,L & M Food Market,4863 D St,19120,Enhanced Healthy Corner Store,40.0234931,-75.1157091
523,2691788.71557179,229565.21669697,146054,La Fuerza,La Fuerza,1540 Wharton St,19146,Enhanced Healthy Corner Store,39.9344050,-75.1707530
524,2695049.48264356,226506.42525513,148064,Latin Spot,Saborcito,1839 S 8Th St,19148,Enhanced Healthy Corner Store,39.9255780,-75.1589660
525,2673454.23657085,225297.24656529,142040,Liberty African Grocery,Liberty Grocery,6629 Woodland Ave,19142,Enhanced Healthy Corner Store,39.9244739,-75.2362780
526,2715836.15684553,270502.16660805,111012,Li'S Market,Li's Market,1201 Magee Ave,19111,Enhanced Healthy Corner Store,40.0450235,-75.0800069
527,2700076.79266490,249014.98393025,133056,Lisseth Grocery,Tairina Grocery,313 W York St,19133,Enhanced Healthy Corner Store,39.9873446,-75.1387375
528,2698259.80574233,253023.51666653,133085,Lopez Grocery,$,3062 N 9th St,19133,Enhanced Healthy Corner Store,39.9988130,-75.1450040
529,2707154.86484781,253943.69196888,134073,Lucas Grocery,Lucas Grocery,875 E Russell St,19134,Enhanced Healthy Corner Store,40.0002294,-75.1125733
530,2690185.56598384,245873.11235783,121014,LX Minimart,LX Minimart,2400 W Oxford St,19121,Enhanced Healthy Corner Store,39.9792160,-75.1745623
531,2707628.95636900,260939.15589905,120068,Malyah Grocery,Robles Grocery,4669 G St,19120,Enhanced Healthy Corner Store,40.0196755,-75.1102493
532,2668934.88248148,248639.49666575,151024,Mama Deli,Bill's Market,2117 N 63rd St,19151,Enhanced Healthy Corner Store,39.9887159,-75.2497440
533,2696305.18602044,229080.17101957,147032,Marie's Grocery Store,Marie's Grocery,1229 S 6th St,19147,Enhanced Healthy Corner Store,39.9328189,-75.1543551
534,2698937.41391774,252024.55487677,133083,Martinez Grocery,Cindy & Julian Grocery S,647 West Cambria St,19133,Enhanced Healthy Corner Store,39.9957699,-75.1430092
535,2709486.97269735,268251.02133605,120052,Michael Food Market,Michael Grocery,599 E Godfrey Ave,19120,Enhanced Healthy Corner Store,40.0394920,-75.1030820
536,2701201.75006080,246560.35445780,122003,Michelle Grocery,Annie's Grocery,147 W Norris St,19122,Enhanced Healthy Corner Store,39.9805270,-75.1350420
537,2693068.51851892,228466.00000562,147034,Michelles Market,Michelles Market,1501 S 13th St,19147,Enhanced Healthy Corner Store,39.9313201,-75.1657918
538,2674641.06093336,241652.66847099,131012,Mini Market Rodriguez,Hot & Cold Food Grocery,601 N 55Th St,19131,Enhanced Healthy Corner Store,39.9691600,-75.2300750
539,2674014.49568677,247834.04382308,131025,Morgan's Fruits & Vegetables,Morgan's,1921 N 54Th St,19131,Enhanced Healthy Corner Store,39.9865396,-75.2317847
540,2692196.84845855,240032.69586844,130018,Museum Market,Museum Market,1800 Spring Garden St,19130,Enhanced Healthy Corner Store,39.9628037,-75.1681144
541,2671012.80324196,240812.79335768,151045,Nadia's Market,Nadia's Market,6152 Vine St.,19151,Enhanced Healthy Corner Store,39.9668490,-75.2436540
542,2692155.40657527,250105.38417961,132014,New Life Food Market,Brothers Food Market,2101 W York St,19132,Enhanced Healthy Corner Store,39.9909777,-75.1670797
543,2679491.63921259,234482.90678463,143067,Nigerian African Food Market,Nigerian African Food Ma,4517 Baltimore Ave,19143,Enhanced Healthy Corner Store,39.9492230,-75.2136860
220,2698565.10635399,263493.80680143,141007,Community Variety Grocery Store,Community Groceries,1116-18 Rockland St,19141,Healthy Corner Store,40.0268560,-75.1428290
221,2676374.47070564,237256.75547108,139019,Connie's Food Store,Connie's Food Store,5153 Walnut St,19139,Healthy Corner Store,39.9571830,-75.2250980
222,2729521.73563912,266155.95557017,136004,Cottman Grocery,Cottman Grocery,7417 Torresdale Ave,19136,Healthy Corner Store,40.0316479,-75.0316980
223,2672346.26495656,248451.34761801,131010,Crest Food Market,Crest Food Market,5731 Malvern Ave,19131,Healthy Corner Store,39.9878330,-75.2385410
224,2690420.28069483,227018.06055497,145015,Cruz's Grocery,Cruz Grocery,1901 S 18Th St,19145,Healthy Corner Store,39.9275250,-75.1753650
225,2694091.54922980,250409.02243987,132020,Cumberland Food Market,Cumberland Food Market,2500 N 17th St,19132,Healthy Corner Store,39.9916110,-75.1602659
226,2715804.81844949,258779.20468744,124019,D & R Food Market,D & R Food Market,1801 Orthodox St,19124,Healthy Corner Store,40.0127790,-75.0814350
227,2724261.06373226,264616.28160634,135037,D' Angela Mini Market,D' Angela Mini Market,6663 Walker St.,19135,Healthy Corner Store,40.0281890,-75.0501710
228,2679423.02600135,234471.30662220,143099,Davis Pharmacy,Davis Drugs,4523 Baltimore Ave,19143,Healthy Corner Store,39.9491504,-75.2140719
229,2703026.79423516,252034.10739451,134023,Decoo Grocery,Decoo Grocery,3000 A St,19134,Healthy Corner Store,39.9953190,-75.1281580
230,2708578.25391392,252959.03188832,134014,Del Orbe Mini Market,Del Orbe Mini Market,3359 Jasper St.,19134,Healthy Corner Store,39.9971500,-75.1080180
231,2707107.11266979,248536.58126844,134025,Dennis Grocery,Collado Grocery,2333 East Cambria St,19134,Healthy Corner Store,39.9854391,-75.1137246
232,2705343.83971443,264884.92026893,120100,Dheera Fuels Inc,Penn's Grocery,5302 Rising Sun Ave,19120,Healthy Corner Store,40.0305681,-75.1181898
233,2706583.67967314,250451.36858453,134122,Dilena Food Market,Frankford Market,2975 Frankford Avenue,19134,Healthy Corner Store,39.9904380,-75.1153830
234,2672486.96230798,234231.93349648,143071,Dios Prueba el Hombre #2,Dios Prueba el Hombre #2,5736 Christian St,19143,Healthy Corner Store,39.9486429,-75.2387120
235,2696592.52504373,262023.09167967,140030,Duran Groceries,Duran Grocery,1501 W Courtland St,19140,Healthy Corner Store,40.0233909,-75.1499690
236,2699081.40867465,263981.73603592,141009,Duran Grocery Store,Duran Grocery Store,1025 W Ruscomb St,19141,Healthy Corner Store,40.0285098,-75.1409195
237,2718217.48621859,273996.18759385,111006,E Z Gas Mini Mart,E Z Gas Mini Mart,1701 Cottman Ave,19111,Healthy Corner Store,40.0543240,-75.0709180
238,2672622.45595759,241996.99652901,131043,Economic Mini Mart,Economic Mini Mart,5901 Girard Ave,19131,Healthy Corner Store,39.9703600,-75.2376450
239,2672713.10316359,222263.54789422,142011,Elmwood Mini Market Inc,Elmwood Market,7110 Elmwood Ave,19142,Healthy Corner Store,39.9157200,-75.2390920
240,2707972.76655535,251994.52138326,134032,Emerald Deli & Grocery,Emerald Deli,3234 Emerald St,19134,Healthy Corner Store,39.9949340,-75.1103780
241,2698973.84933236,257185.65696011,140051,Enmanuel Mini Market,Henriquez Mini Market,3801 N Darien St,19140,Healthy Corner Store,40.0097639,-75.1417550
242,2719376.98997734,261663.38365178,124026,Erdrick St. Food Market,Erdrick St Food Market,5456 Erdrick St,19124,Healthy Corner Store,40.0207670,-75.0681620
243,2690913.35049193,247748.53435501,121024,Espinal Grocery,Espinal Grocery,1959 North 23rd St,19121,Healthy Corner Store,39.9849660,-75.1713160
244,2673596.29452253,239914.39450427,139023,Espinal Grocery,Espinal Grocery,200 N 57th St,19139,Healthy Corner Store,39.9644610,-75.2344510
245,2673738.23995308,225574.36600790,142027,Executive African Food & Fashio,Executive African Food &,6531 Woodland Ave,19142,Healthy Corner Store,39.9250800,-75.2354680
246,2670817.49877990,240272.62931318,139092,Fair's One Stop Deli & Market,Fair's One Stop Deli & M,6201 Race St,19139,Healthy Corner Store,39.9657770,-75.2441630
247,2695459.51993577,255359.46988894,140035,"Family Discount, Inc",Family Discount,1520 W Ontario St,19140,Healthy Corner Store,,
248,2677787.51456381,265718.76630685,128006,Family Produce,Family Produce Market,6160 Ridge Ave.,19128,Healthy Corner Store,40.0346890,-75.2167920
249,2708356.02206130,247554.74419636,134036,Fat Mom's,Fat Mom's,2600 E Ann Street,19134,Healthy Corner Store,39.9823310,-75.1096290
250,2700987.85602553,254611.39732406,140037,Fernandez Grocery,Fernandez Grocery,3401 N 3Rd St,19140,Healthy Corner Store,40.0025160,-75.1347880
251,2689016.26830220,227379.59515363,145044,Fernandez Mini Market,Fernandez Mini Market,1826 S 21St St,19145,Healthy Corner Store,39.9288219,-75.1807220
252,2705893.71161146,252990.29884317,134037,Ferrer Grocery,Discover Grocery,658 E Hilton St,19134,Healthy Corner Store,39.9974800,-75.1174200
253,2709573.43404321,256834.48597248,124074,Ferroma Inc,Romano Grocery,1219 E. Luzerne Street,19124,Healthy Corner Store,40.0080640,-75.1040010
254,2701611.06386185,247833.68104380,133027,Filpo Grocery,Vanessa Mini Mart,2218 N Howard St,19133,Healthy Corner Store,39.9838983,-75.1336872
255,2703709.02957550,270184.33660729,120030,Franciela Grocery,Franciela Grocery,200 W Godfrey Ave,19120,Healthy Corner Store,40.0448100,-75.1237809
256,2704962.10479435,250975.95979267,134039,Frank Market Inc,Frank Market,2850 Kensington Ave,19134,Healthy Corner Store,39.9924560,-75.1211810
257,2705878.03908892,253523.88678040,134041,Friendly Corner,Friendly Corner Store,664 E Cornwall St,19134,Healthy Corner Store,39.9989060,-75.1171169
258,2727420.69760685,284179.08161425,115002,Fruit And Produce Inc.,Fruit and Produce Inc.,1916 Welsh Rd Ste 11,19115,Healthy Corner Store,40.0812500,-75.0380410
259,2672641.72753227,241177.42783676,151017,Garcia Food Market,Garcia Food Market,401 N 59th St,19151,Healthy Corner Store,39.9679219,-75.2372707
260,2704047.80712243,254175.99292998,134077,Garcia Grocery,Garcia Grocery LLC,315 E Ontario St,19134,Healthy Corner Store,40.0011750,-75.1240010
261,2690268.10321822,241481.17158522,130022,Garden Fresh,Garden Fresh,2244 Fairmount Ave,19130,Healthy Corner Store,39.9671151,-75.1753414
262,2689762.39567879,266765.84073004,144010,Germantown Eden Produce,Eden Produce,35 E Chelten Avestore A,19144,Healthy Corner Store,39.9523350,-75.1637890
263,2689762.39568338,266765.84072895,144011,"Giant Dollar Plus, Inc.",Giant Dollar Plus,35 E Chelten Ave,19144,Healthy Corner Store,,
264,2699536.20816081,251401.26429963,133036,Gomez Grocery,J&W Food Market,2800 N Reese Street,19133,Healthy Corner Store,39.9938800,-75.1406980
265,2694974.30337266,261705.87574151,140049,Gratz Mini Market,Gratz Food Market,4500 N Gratz St,19140,Healthy Corner Store,40.0225240,-75.1559370
266,2677166.76013965,238869.21471937,139013,Gregory Grocery,$,5027 Arch St,19139,Healthy Corner Store,39.9613990,-75.2216620
267,2706675.54141896,253819.27786317,134027,Guadalupe Grocery,Guadalupe Grocery,3401 G St,19134,Healthy Corner Store,39.9998852,-75.1145676
268,2697417.28897234,264622.40184848,141017,Ha Ha's Market,Ha Ha's Market,5035 N Broad St,19141,Healthy Corner Store,40.0295495,-75.1468243
269,2685646.52591503,239466.55199001,104012,Hamilton Express Deli LLC,Kimey's Place,3401 Hamilton St,19104,Healthy Corner Store,39.9623431,-75.1916195
270,2708203.95035210,249674.83928161,134137,Hank's Deli,Hank's Deli,2300 E Clearfield,19134,Healthy Corner Store,39.9881930,-75.1099090
271,2716174.21380928,260867.32093154,124039,Harrison Food Market,Harrison Food Market,1647 Harrison St,19124,Healthy Corner Store,40.0185320,-75.0799540
272,2690875.22554731,231873.90984847,146034,Harry's House,"May's Caf�, Llc",1847 Christian St,19146,Healthy Corner Store,,
273,2718753.31437131,273619.00017509,111010,Harrys Natural Health,Harry's Natural Health,1805 Cottman Ave,19111,Healthy Corner Store,40.0534100,-75.0692910
274,2688482.53180814,268244.85480362,144057,Healthy Nutrition LLC,Healthy Nutrition LLC,25 E Walnut Ln,19144,Healthy Corner Store,40.0410800,-75.1783270
275,2702864.81086425,254893.82203101,134050,Hernandez Grocery #1,Front St. Mini Market,100 E Tioga St,19134,Healthy Corner Store,40.0031074,-75.1282573
276,2703042.46343056,254868.69787303,134049,Hernandez Grocery #2,Hernandez Grocery #2,118 E Tioga St,19134,Healthy Corner Store,40.0028770,-75.1275859
277,2706372.91457638,252887.34684774,134142,Hong's Market,Hongs Market,769 E Hilton St,19134,Healthy Corner Store,39.9973600,-75.1154339
278,2706744.60263289,252329.01162446,134052,Humphries,Humphries,3130 Kensington Ave,19134,Healthy Corner Store,39.9959640,-75.1149250
279,2668920.83737299,248670.37150637,151021,Hwan J Kims Fd Mkt,Overbrook Market,2123 N 63Rd St,19151,Healthy Corner Store,39.9888670,-75.2498300
280,2675401.15510364,245710.91993762,131033,I and S mini Market,I and S mini Market,5256 W Jefferson St,19131,Healthy Corner Store,39.9799020,-75.2272260
281,2707025.92586807,251307.68041713,134061,Ily Grocery Store,Joel Food Market,3101 Emerald St,19134,Healthy Corner Store,39.9928745,-75.1135806
282,2692721.75020069,253442.07588485,132033,Indiana Grocery,Indiana Mini Market,2066 W Indiana Ave,19132,Healthy Corner Store,39.9999243,-75.1645049
283,2708294.45205682,248341.11018622,134054,Indiana Joe's,Indiana Joe's,2501 E Indiana Ave,19134,Healthy Corner Store,39.9847193,-75.1093625
284,2698484.20939162,252644.32627346,133034,Indiana Street Mini Market,Indiana Mini Market,801 W Indiana Ave,19133,Healthy Corner Store,39.9974550,-75.1441990
285,2692910.54056291,248852.43708977,121030,J And M Convenience Store,J&M Convenience Store,1907 W Susquehanna Ave,19121,Healthy Corner Store,39.9873662,-75.1644782
286,2701958.62446069,267593.51378756,120106,J&S Produce,J & S Produce,5701 N 5th St,19120,Healthy Corner Store,40.0380908,-75.1299154
287,2708203.95035210,249674.83928161,134104,Jaquez Deli Grocery,Jaquez Deli Grocery,2301 E Clearfield St,19134,Healthy Corner Store,39.9883732,-75.1095518
288,2676017.89662783,225762.94425754,142032,Jaquez Grocery,Jaquez Grocery,2435 S 62nd St,19142,Healthy Corner Store,39.9254940,-75.2269110
289,2694976.62524633,253566.55573883,132037,Jaquez Mini Market,Jaquez Mini Market,3061 N 16th St,19132,Healthy Corner Store,40.0003070,-75.1562250
290,2700315.91491599,263249.93530746,120038,J-Di Deli #1,J-Di Deli,700 W Rockland St,19120,Healthy Corner Store,40.0260820,-75.1366300
291,2707726.81013096,253666.32105718,134094,Jeremy Grocery,Jeremy Grocery,965 E Ontario St,19134,Healthy Corner Store,39.9994960,-75.1108020
292,2705951.91363148,252586.48083840,134088,Jhoany Grocery,Jhoany Grocery,3130 F St,19134,Healthy Corner Store,39.9966090,-75.1176700
293,2697686.35182101,255417.95294911,140059,Jimenez Grocery,Rising Sun Grocery,3428 N 11Th St,19140,Healthy Corner Store,40.0048740,-75.1468900
294,2698062.44568812,251597.53184724,133098,JM Grocery,JJ Grocery,2801 N 9th St,19133,Healthy Corner Store,39.9945030,-75.1455230
295,2697143.95151740,269380.58505341,141019,Johanny Grocery Store,Nedro Grocery,1601 Nedro Ave,19141,Healthy Corner Store,40.0435530,-75.1471930
296,2674744.38541592,230313.41306579,143048,Jose Jimenez Grocery,Mini Market,1701 S 58th St,19143,Healthy Corner Store,39.9379670,-75.2308250
297,2693723.70462752,251011.30142775,132041,Joselin Groceries,Joselin Grocery,2600 N 18th St,19132,Healthy Corner Store,39.9932787,-75.1614731
298,2688931.24721001,230065.83050094,146033,"JR and V Mini Market, Inc.",Joshuah Food Market,1267 S 22Nd St,19146,Healthy Corner Store,,
299,2690741.28093411,229367.42884468,146027,Juan Carlos Gomez Grocery,18th St Grocery,1344 S. 18th Street,19146,Healthy Corner Store,39.9338680,-75.1744175
300,2674206.55077959,232435.59337154,143032,JW Supermarket,JW Supermarket,1135 S 56Th St,19143,Healthy Corner Store,39.9438760,-75.2325539
301,2728464.78334525,267618.89447737,136006,Kaila's Place,Kaila's Place,4300 Loring St,19136,Healthy Corner Store,40.0357731,-75.0356599
302,2687403.79888897,245224.86709380,121034,Karen Mini Market,Karen Mini Mart,1400 N 30Th St,19121,Healthy Corner Store,39.9778930,-75.1846180
303,2700430.07138114,259248.32275523,140106,Karina Grocery,Karina Grocery,4200 N Fairhill St,19140,Healthy Corner Store,40.0153986,-75.1366550
304,2706021.82596077,254292.23431536,134069,Keim Food Market,Keim Food Market,3469 Keim St,19134,Healthy Corner Store,40.0015452,-75.1168353
305,2689992.05494823,262933.07264130,144022,Kil Lee Market,$,5254 Pulaski Ave,19144,Healthy Corner Store,40.0263930,-75.1740540
306,2689438.81986369,232065.82761774,146031,"Kim Van's Caf�, Grocery & Deli","Kim Van's Caf�, Grocery",2148 Christian St,19146,Healthy Corner Store,,
307,2676919.13098092,230381.79114727,143056,Kingssesing Food Market,Kingsessing Food Market,1550 S 55th St,19143,Healthy Corner Store,39.9376290,-75.2233080
308,2671110.03182656,241365.30707166,151015,Koury Grocery,Koury Grocery,6152 Callowhill St,19151,Healthy Corner Store,39.9683900,-75.2433300
309,2692286.98149214,229498.09238484,146025,La Meca Food Market,La Meca Food Market,1429 Wharton St,19146,Healthy Corner Store,39.9345120,-75.1690969
310,2681985.61609608,243060.82315810,104020,La Super Big Manny Grocery Stor,La Super Big Manny,1013 N 40th St,19104,Healthy Corner Store,39.9726320,-75.2037220
311,2709110.46755257,252574.07589186,134059,Ledesma Grocery,Ledesma Grocery,2023 E Ontario St,19134,Healthy Corner Store,39.9963670,-75.1060820
312,2702028.38145150,248753.54311999,133046,"Lee's Food Cart, Inc.",Lee's Food Cart,2401 N Front St,19133,Healthy Corner Store,,
313,2702778.30844676,247691.40142340,125030,Leotah's Place,Leotah's Place,2033 E York St,19125,Healthy Corner Store,39.9833781,-75.1291854
314,2699045.48210861,241024.43617608,123030,Liberty Deli,Liberty Deli,326 Poplar St,19123,Healthy Corner Store,39.9652210,-75.1432590
315,2671594.35246931,226024.44400121,142045,Liberty Mini Market,Liberty Mini Market,1838 S 68th St,19142,Healthy Corner Store,39.9259990,-75.2426760
316,2710906.93946130,258379.01192530,124054,Linda Deli,Linda's Deli,1412 E Bristol St,19124,Healthy Corner Store,40.0117959,-75.0991760
317,2694275.60529387,222518.17492502,148050,Lin's Grocery Store,Lin's Grocery Store,2746 S Darien St,19148,Healthy Corner Store,39.9144541,-75.1626430
318,2722237.27352778,260921.57674273,135015,Lisa & Charlie Market,Lisa & Charlie Market,6017 Torresdale Ave,19135,Healthy Corner Store,40.0178110,-75.0584060
319,2709666.54611886,253744.50514269,134103,Lopez Grocery,Raquel Grocery,3539 Jasper St,19134,Healthy Corner Store,39.9993220,-75.1039560
320,2713042.78056360,262331.09635668,124055,Los Amigos Market,Los Amigos Supermarket,1034 Foulkrod St,19124,Healthy Corner Store,40.0221620,-75.0906849
321,2694011.71864687,224692.80541717,148140,Los Gallos,Los Gallos,951 Wolf St,19148,Healthy Corner Store,39.9211780,-75.1632599
322,2710824.13149374,253631.91179293,134074,Luciano Grocery,Reyes Grocery,3643 Frankford Ave,19134,Healthy Corner Store,39.9988997,-75.0998231
323,2709048.28686493,256901.59871958,124059,Luzerne Food Market,Luzerne Food Market,1126 E Luzerne St,19124,Healthy Corner Store,40.0080734,-75.1058198
324,2677455.42825620,264195.20669893,128005,Lyceum Mart & Deli,Lyceum Mart & Deli,391 Lyceum,19128,Healthy Corner Store,40.0306050,-75.2176230
325,2698675.01999898,257210.92695088,140070,M.P. Grocery,M.P. Grocery,911 W Butler St,19140,Healthy Corner Store,40.0099708,-75.1428597
326,2702688.36740760,264616.14770589,120050,Magna Grocery,Magna Grocery,235 W Duncannon Ave,19120,Healthy Corner Store,40.0300579,-75.1278830
327,2706930.60372888,250653.24411191,134064,MAO Grocery,MAO Grocery,3050 Frankford Ave,19134,Healthy Corner Store,39.9913020,-75.1143980
328,2678386.27251354,234292.50640524,143062,Mariposa Inc,Mariposa Food Coop,4726 Baltimore Ave,19143,Healthy Corner Store,39.9483425,-75.2178380
329,2671434.58226557,239039.47477962,139045,Market Grocery,Market Grocery,6033 Market St,19139,Healthy Corner Store,39.9623710,-75.2420430
330,2671014.30779567,237537.61268029,139008,Martinez Food Market,61 & Locust Food Market,6100 Locust St,19139,Healthy Corner Store,39.9578550,-75.2437900
331,2696023.68627887,251866.99989789,132047,Martinez Food Market Inc,Martinez Food Market,1328 West Somerset St,19132,Healthy Corner Store,39.9953468,-75.1528469
332,2692189.10679875,246422.74990856,121033,Martinez Grocery,Martinez Grocery,1752 N 20th St,19121,Healthy Corner Store,39.9813780,-75.1673360
333,2688640.85203304,226799.73416672,145041,Martinez Grocery,Martinez Grocery,2000 S Beechwood St,19145,Healthy Corner Store,39.9271368,-75.1820801
334,2704395.35441736,252385.52249168,134076,Martinez Mini Market,Martinez Grocery,417 East Clearfield St,19134,Healthy Corner Store,39.9961180,-75.1230072
335,2678288.53908406,229974.04052506,143063,MDA Gocery,MDA Grocery,5358 Woodland Ave,19143,Healthy Corner Store,39.9362629,-75.2186390
336,2689236.91657281,261922.35969825,144028,Mezquita Grocery,Mezquita Grocery,5237 Laurens St,19144,Healthy Corner Store,40.0239450,-75.1764830
337,2691058.30111340,225083.32830617,145042,Mi Pals Deli,Mi Pals Deli,2300 S 16th St,19145,Healthy Corner Store,39.9222498,-75.1737021
338,2702861.01201201,250808.68143621,134080,Mi Tierra Food Market # 2,Mi Tierra Food Market #2,2750 A St,19134,Healthy Corner Store,39.9921637,-75.1288640
339,2709908.47399460,252804.47041024,134040,Mi Tierra Food Market #1,Mi Tierra Food Mart #1,3501 Frankford Ave,19134,Healthy Corner Store,39.9967090,-75.1031210
340,2691110.36835572,227588.99186889,145027,Mohamed Market,Moore Savings Deli (on s,1754 S Chadwick St,19145,Healthy Corner Store,39.9287158,-75.1733317
341,2704354.61437251,261944.33878177,120053,Mon & Keo Grocery,Mon & Keo's Grocery,4745 A St,19120,Healthy Corner Store,40.0227260,-75.1218050
342,2675259.60914076,237970.52046119,139047,Montesinos Super Market Inc.,Montesino's Supermarket,5351 Chestnut St,19139,Healthy Corner Store,39.9591260,-75.2287890
343,2705534.78911035,261408.01020742,120087,Morevalue Inc,Mor Value American Famil,405 E Wyoming,19120,Healthy Corner Store,40.0209660,-75.1179030
344,2688731.53150414,251482.71332219,132049,Mv Grocery Inc,Double A Grocery Store,2563 N 29Th St,19132,Healthy Corner Store,39.9953410,-75.1786990
345,2674186.40817511,231615.90745854,143066,Narciso #2,Hernandez Grocery,5700 Hadfield St,19143,Healthy Corner Store,39.9413640,-75.2329294
346,2663651.80350874,245340.22677035,151027,Natures Nutrition Centers,Nature's Nutrition Cente,7596 Haverford Ave,19151,Healthy Corner Store,39.9794421,-75.2688334
347,2694700.93587413,269468.80521876,138014,Nedro Mini Market,Nedro Mini Marker,5900 N 21St St,19138,Healthy Corner Store,40.0437865,-75.1560953
348,2689813.49768625,254985.44525444,132050,Neighbor's Supermarket,Neighbor's Supermarket,2724 W Allegheny Ave,19132,Healthy Corner Store,40.0042090,-75.1749520
349,2706928.65390835,261226.49385158,120057,Nelson Mini Market,Nelson Mini Market,626 E Wyoming Ave,19120,Healthy Corner Store,40.0199420,-75.1131000
350,2701092.90081742,268840.75151972,120017,New Life Grocery,New Life Grocery,5882 N 7th St,19120,Healthy Corner Store,40.0418180,-75.1333280
351,2701920.43588737,267330.83940339,120104,New York Deli,New York Deli,5656 N 5th St,19120,Healthy Corner Store,40.0378670,-75.1304490
352,2690717.78916698,252949.34975265,132068,Noah Grocery II,Santana Mini Mart,2863 N 25th St,19132,Healthy Corner Store,39.9991730,-75.1714830
353,2693910.29410053,249306.54057337,132051,North Dauphin Grocery Inc,North Dauphin Grocery,1702 W Dauphin St,19132,Healthy Corner Store,39.9884507,-75.1611444
354,2695900.85264164,239602.24174115,123016,North East Latin Grocery,Panaderia La Espiga,1011 Spring Garden St,19123,Healthy Corner Store,39.9619180,-75.1549330
355,2703571.90852576,251946.53305395,134083,Nunez Grocery,Nunez Grocery,3000 B St,19134,Healthy Corner Store,39.9949862,-75.1260639
356,2692078.21121634,225834.50851486,145065,Nuts About You,Nuts About You,2110 S Broad St.,19145,Healthy Corner Store,39.9240720,-75.1701110
357,2695444.58577347,276589.56305040,138045,Ogontz Convenience Mart,Sneha Food Mart,7153 Ogontz Ave,19138,Healthy Corner Store,40.0633242,-75.1519674
358,2703898.16465883,250787.18835529,134086,Paisano #3,Paisano Grocery,351 E Somerset St,19134,Healthy Corner Store,39.9918673,-75.1245887
359,2699700.48883157,239848.45591661,123031,Palm Tree Market,Palm Tree Market,717 N 2nd St,19123,Healthy Corner Store,39.9623438,-75.1410000
360,2675100.71220005,230668.10615629,143068,Papi's Grocery,The Papi's Store,5701 Warrington Ave,19143,Healthy Corner Store,39.9390030,-75.2300980
361,2690815.21905534,221377.74110750,145088,Pastificio,Pastificio,1528 Packer Ave,19145,Healthy Corner Store,39.9113440,-75.1749078
362,2691081.10009453,245743.55160946,121002,Paulino's Grocery,Paulino's Grocery Store,2201 W Oxford St,19121,Healthy Corner Store,39.9791294,-75.1712955
363,2721058.25957648,259735.30898629,138024,Pena Grocery,Gutierrez Grocery Store,2139 E Chelten Ave,19138,Healthy Corner Store,40.0521360,-75.1570440
364,2699569.03115746,255904.69884500,140086,Peralta Grocery,Peralta Grocery,621 W Venango St,19140,Healthy Corner Store,40.0063280,-75.1398520
365,2710490.56481668,253329.40062903,134006,Philadelphia Mini Market,Andeliz Mini Market,3600 Frankford Ave,19134,Healthy Corner Store,39.9984190,-75.1012720
366,2696537.47903627,227531.23003697,148107,Popreak Grocery,Popreak Grocery,1600 S 5th St,19148,Healthy Corner Store,39.9284888,-75.1539176
367,2730060.19826958,269474.24652955,136001,Providence African Market,Providence African Marke,7918 Frankford Ave,19136,Healthy Corner Store,40.0413110,-75.0293949
368,2697831.19854355,231976.53884564,147041,Queen Village Food Market,Queen Village Food Marke,339 Bainbridge St,19147,Healthy Corner Store,39.9408092,-75.1491384
369,2705765.35572151,251588.38978868,134099,Quick Stop 3 Inc,Quick Stop #3,3001 Kensington Ave,19134,Healthy Corner Store,39.9936900,-75.1180430
370,2699960.11228179,242578.79078927,123021,Quince Fine Foods,Quince Fine Foods,209 W Girard Ave,19123,Healthy Corner Store,39.9697807,-75.1400561
371,2725375.05171899,263464.41031526,135033,R & R Mini Market,R & R Mini Market,4620 Unruh Ave,19135,Healthy Corner Store,40.0246400,-75.0471510
372,2703877.31544701,254215.17964481,134130,Rafael Mini Mart,Rafael Mini Mart,3400 B St,19134,Healthy Corner Store,40.0012510,-75.1249400
373,2697758.00371554,243797.12386618,122026,Ramon A. Gonzalez Enterprises I,Gonzalez Deli Enterprise,1400 N 7th St,19122,Healthy Corner Store,39.9731630,-75.1478430
374,2690001.09259222,227237.38632243,145059,Ramos Food Market,Rodriguez Food Market,1825 S 19Th St,19145,Healthy Corner Store,39.9281825,-75.1768672
375,2687917.47194885,227352.93101178,145048,Ranacaro Grocery Store,Ranacaro Grocery Store,1901 S Bonsall St,19145,Healthy Corner Store,39.9286839,-75.1843169
376,2694589.31692308,226438.33331697,148076,Red's Hoagies & Groceries,Red's Hoagies,1900 S 9th St,19148,Healthy Corner Store,39.9256559,-75.1609630
377,2688871.94697738,229638.42644189,146045,Reed Mini Market,Reed Mini Market,1341 S 22Nd St,19146,Healthy Corner Store,39.9346570,-75.1806620
378,2673810.57719491,243254.96108693,131013,Reyes Grocery,Reyes Grocery,5601 Master St,19131,Healthy Corner Store,39.9736336,-75.2332762
379,2672586.58193774,243041.81227069,131031,Reyes Grocery,J&M Mini Market,5845 Master St,19131,Healthy Corner Store,39.9731442,-75.2378843
380,2699447.21738635,258226.08431125,140061,Rios Grocery Store,Rios Grocery,715 W Luzerne St,19140,Healthy Corner Store,40.0127049,-75.1400020
381,2686947.96518355,251941.37786987,132025,Rodriguez Grocery,Rodriguez Grocery,2601 N 33rd St,19132,Healthy Corner Store,39.9963430,-75.1851080
382,2689372.80188395,255050.63069676,132027,Rodriguez Grocery,Estevez Grocery,2839 W Allegheny Ave,19132,Healthy Corner Store,40.0049330,-75.1766899
383,2675782.57750428,239069.49727861,139061,Rodriguez Grocery,Sanchez Grocery,101 N 53rd St,19139,Healthy Corner Store,39.9618808,-75.2262700
384,2696377.90268706,274335.90160084,126015,Rodriguez Mini Market #4,Rodriguez Mini Market,6731 Ogontz Ave,19126,Healthy Corner Store,40.0572550,-75.1489390
385,2688529.32347848,246635.44229686,121056,Rodriguez Supermarket,Rodriguez Supermarket,1700 N 28th St,19121,Healthy Corner Store,39.9816980,-75.1804650
386,2697989.09081679,273615.03391095,126008,Rosario Grocery,Bamford Market,1545 Kinsdale St,19126,Healthy Corner Store,40.0551000,-75.1443929
387,2694761.67158369,230918.42991964,148099,Rosie's Market,2001 S 10th St,1001 S 10th St,19148,Healthy Corner Store,39.9378430,-75.1595348
388,2685202.08439138,240944.48608371,104055,Ruben Groceries,Freddy Grocery,3412 Fairmount Ave,19104,Healthy Corner Store,39.9661114,-75.1926730
389,2675030.63417602,228359.76521026,142052,S&P Grocery Inc,S&P Grocery,6000 Kingsessing Ave,19142,Healthy Corner Store,39.9323340,-75.2301590
390,2695071.44185409,226668.21604373,148081,Sagrado Corazon Grocery Store I,Sagrado Corazon Grocery,1815 S 8Th St,19148,Healthy Corner Store,39.9262090,-75.1588220
391,2678055.33318262,229748.46413723,143077,Samiches Deli Inc,Samiches Deli,5411 Woodland Ave,19143,Healthy Corner Store,39.9362920,-75.2195146
392,2704427.56684027,262499.72672867,120073,Sams Grocery Store,Sam's Grocery,4847 A St,19120,Healthy Corner Store,40.0242230,-75.1215020
393,2692842.43408413,225778.45712290,148105,San Agus Mini Market,San Agus Mini Market,1247 Snyder Ave,19148,Healthy Corner Store,39.9242830,-75.1674180
394,2691651.60312067,228218.65574765,145051,San Lucas Grocery Inc,San Lucas Grocery,1526 Tasker St,19145,Healthy Corner Store,39.9306539,-75.1710250
395,2692051.00300754,228163.62570184,145052,Santos Grocery,$,1443 Tasker St,19145,Healthy Corner Store,39.9308480,-75.1698960
396,2674291.34520880,223788.69916950,142054,Sekpeh Prosperity #1,Sekpeh Prosperity,6715 Elmwood Ave,19142,Healthy Corner Store,39.9202358,-75.2334578
397,2727639.35441846,268229.48520268,136015,Shop-N-Go,Shop-N-Go,7370 Frankford Ave,19136,Healthy Corner Store,40.0380067,-75.0383306
398,2686090.05763601,226706.29996376,145056,Snyder Supermarket Inc,Snyder Supermarket,2700 Snyder Ave,19145,Healthy Corner Store,39.9271043,-75.1910172
399,2702774.66901771,269740.78951126,120074,Spencer Food Market Llc,Spencer Food Market,400 W Spencer St,19120,Healthy Corner Store,40.0436960,-75.1271430
400,2713133.50159296,249930.75479068,134119,Stanley R Swiacki,Swiacki Meats,3623 Salmon St,19134,Healthy Corner Store,39.9885110,-75.0916900
401,2693040.54533818,229392.19101943,147046,Sun Won Choi,Sun's Market,1311 Wharton St,19147,Healthy Corner Store,39.9339696,-75.1661571
402,2686778.86597719,255403.82907704,132110,Sweetsies Sugar Free Sweets,Sweetsies Sugar Free Swe,3420 Allegheny Ave,19132,Healthy Corner Store,40.0055150,-75.1856350
403,2725255.94336465,263091.78703422,135025,Tacony Food Mart,Tacony Food Market,6648 Torresdale Ave,19135,Healthy Corner Store,40.0243880,-75.0468230
404,2704705.36127993,251577.58548141,134124,Tenare Grocery,Tenare Grocery,2963 D St,19134,Healthy Corner Store,39.9943192,-75.1217370
405,2724823.64334462,262781.32740936,135027,The Queen Store,The Queen Store,6559 Torresdale Ave,19135,Healthy Corner Store,40.0230460,-75.0483510
406,2709381.43985290,253530.51693969,134110,Toribio Pena Grocery,Toribio Pena Grocery,1901 E Tioga St,19134,Healthy Corner Store,39.9988900,-75.1049170
407,2690264.83760812,247519.84749736,121062,Torres Grocery,Yaritza Mini Mart,1900 N Ringgold St,19121,Healthy Corner Store,39.9839914,-75.1741039
408,2697055.04407464,252840.60885856,133100,Torres Grocery,Torres Grocery,1149 West Indiana Ave,19133,Healthy Corner Store,39.9980240,-75.1496469
409,2693907.66983960,250231.40515199,132075,Torres Grocery Store,Torres Grocery,2466 N Colorado St,19132,Healthy Corner Store,39.9914930,-75.1607630
410,2701012.11684479,242399.44376895,122032,Trax Foods,Trax Foods,1204 N Front St,19122,Healthy Corner Store,39.9691698,-75.1361942
411,2664331.89129405,244627.75623103,151034,Twins Grocers,Twins Grocery,7540 Haverford Ave,19151,Healthy Corner Store,39.9779306,-75.2666807
412,2675486.20436399,232591.25574801,143087,Two Brothers Food Market,Two Brothers Food Market,5400 Willows Ave,19143,Healthy Corner Store,39.9439080,-75.2280930
413,2676712.98221934,226133.40768000,142063,Uceta Grocery,Valerio #2,6053 Elmwood Ave,19142,Healthy Corner Store,39.9262960,-75.2249269
414,2692634.74216379,223203.94750847,148094,Venuti's Food Market,Venuti's Food Market,2655 S Camac St,19148,Healthy Corner Store,39.9165574,-75.1680039
415,2675057.90792658,242418.85049979,131003,Vinas Food Market,8 Brothers Mini Mart,5401 W Girard Ave,19131,Healthy Corner Store,39.9713060,-75.2289200
416,2729039.01079926,268351.38929029,136017,Vince's Deli,Vince's Deli,4244 Chippendale St,19136,Healthy Corner Store,40.0373010,-75.0331310
417,2701187.72585015,254290.76502537,140100,Viola Grocery,Luz Grocery,230 West Wensley Street,19140,Healthy Corner Store,40.0014600,-75.1340790
418,2691142.52730864,262976.83214801,144021,Wayne Associated,Wayne Associated,5101 Wayne Ave,19144,Healthy Corner Store,40.0264920,-75.1690750
419,2689817.76153143,263887.24108658,144051,Wayne Supermarket Inc,Wayne Supermarket,5348 Wayne Ave,19144,Healthy Corner Store,40.0289710,-75.1746890
420,2697400.21004418,228778.35990814,147070,Wharton Deli & Grocery,none,349 Wharton St,19147,Healthy Corner Store,39.9321320,-75.1511660
421,2694781.58291142,224585.24007600,148097,Wolf Mini Market Inc,Wolf Mini Market,2300 S 8Th St,19148,Healthy Corner Store,39.9205230,-75.1604890
422,2690135.82386444,252034.98781893,132095,Yainhdi Grocery,Yainhdi Grocery,2684 N 26th St,19132,Healthy Corner Store,39.9963282,-75.1739888
423,2688983.41332478,247005.00165556,121023,Yaritza Grocery,Sanchez Market,1754 N 27th St,19121,Healthy Corner Store,39.9828620,-75.1787630
424,2692994.01871962,242697.23002629,130023,Yellow Front Market,Yellow Front Market,1700 Ridge Ave,19130,Healthy Corner Store,39.9688430,-75.1661610
425,2689680.55272076,252040.38792051,132058,Yoscar Mini Market,Yoscar Mini Market,2668 N 27th St,19132,Healthy Corner Store,39.9965304,-75.1757615
426,2698601.17866323,252070.44071906,133024,Yudish Grocery,Yudish Grocery,716 W Cambria St,19133,Healthy Corner Store,39.9955500,-75.1437109
427,2674154.44282450,247357.66145370,131042,Zabala Super Market,54th St Food Market,1823 N 54th St,19131,Healthy Corner Store,39.9847680,-75.2311360
428,2671794.22167585,221374.37472162,142102,Zam Zam Market,Zam Zam Market,7333 Elmwood Ave,19142,Healthy Corner Store,39.9138520,-75.2426110
429,2702940.57997156,254326.61018669,134058,Rafa Grocery,Rafa Grocery,116 E Ontario St,19134,Healthy Corner Store,40.0014180,-75.1281030
430,2705289.49062138,251223.27431930,134146,CR Grocery,CR Grocery,2907 Kensington Ave,19134,Healthy Corner Store,39.9926280,-75.1198790
431,2705513.74182361,253418.27559137,134075,Emilio Mini Market,Luciano #2 Grocery,600 E Westmoreland St,19134,Healthy Corner Store,39.9986750,-75.1189000
432,2699547.78159699,257663.87813653,140077,Mendoza Grocery,Mendoza Grocery,3900 N 7Th St,19140,Healthy Corner Store,40.0110626,-75.1399930
433,2692489.62113786,269777.66371162,138048,Woodlawn Deli,Woodlawn Deli,5637 Chew Ave,19138,Healthy Corner Store,40.0449510,-75.1634550
434,2678843.11584742,231255.24166483,143002,51 Street Mini Market #1,Polanco Grocery Store,1360 S 51st St,19143,Healthy Corner Store,39.9401260,-75.2167020
435,2675722.81422987,223276.50407524,142067,Pirela Food Market,Peralta Food Mart,6600 Guyer Ave,19142,Healthy Corner Store,39.9183423,-75.2282868
436,2677967.61559597,237045.86091088,139001,49 Stop Supermarket,49 Stop Foodmarket,4847 Walnut St,19139,Healthy Corner Store,39.9564430,-75.2193910
437,2709705.21437874,249010.05019792,134081,Misnik's Deli,Misnik's Deli,2530 E Allegheny Ave,19134,Healthy Corner Store,39.9862800,-75.1047550
438,2714291.69337302,276011.54835803,111008,Glorious International Store,Glorious International S,7223 Rising Sun Ave,19111,Healthy Corner Store,40.0600400,-75.0849400
439,2694881.62093468,271923.16806179,138009,Medary Deli Grocery,Edison Mini Market,2067 Medary Ave,19138,Healthy Corner Store,40.0506980,-75.1552910
440,2712949.54180432,266087.34982765,124081,Shiv Food Market Llc,Shiv Food Market Llc,899 Brill St,19124,Healthy Corner Store,40.0331731,-75.0910331
441,2694993.77847952,239151.94311473,123014,12th Street Food Mart,MVM Food Mart,453 N 12Th St,19123,Enhanced Healthy Corner Store,39.9607894,-75.1578699
442,2689453.61485453,247073.10124868,121004,26th Food Market,Rodriguez's Supermarket,1800 N 26Th St,19121,Enhanced Healthy Corner Store,39.9828300,-75.1771310
443,2697577.04706625,240402.33557538,123020,3MNS Inc.,Fair Mart Market,623 Fairmount Ave,19123,Enhanced Healthy Corner Store,39.9641189,-75.1489917
444,2694516.95961394,225089.43352981,148047,9th and Jackson Grocery,9th & Jackson Grocery,853 Jackson St,19148,Enhanced Healthy Corner Store,39.9222010,-75.1614034
445,2692780.39196236,240981.19508584,130002,"A A A Food Market, Inc",A A A Food Market,1700 Wallace St,19130,Enhanced Healthy Corner Store,,
446,2689868.53605470,263159.91269358,144005,A and L Deli Market Inc.,B and P Deli Market,264 W Queen Ln,19144,Enhanced Healthy Corner Store,40.0265660,-75.1737560
447,2668661.78331843,243537.48781233,151029,A M Food Market,R & M Deli And Soulfood,6572 Lansdowne Ave,19151,Enhanced Healthy Corner Store,39.9744200,-75.2517540
448,2694030.98104541,248115.76221137,121016,Adan Grocery,Pablo Rodriguez,1643 W Diamond St,19121,Enhanced Healthy Corner Store,39.9855590,-75.1612100
449,2698561.46139802,261770.42069961,140126,Ailyn Mini Market LLC,Franco Grocery,4600 N 11th St,19140,Enhanced Healthy Corner Store,40.0224180,-75.1431390
450,2701238.71008761,260269.00858564,140002,Alba Grocery,Alba's Grocery,426 W Cayuga St,19140,Enhanced Healthy Corner Store,40.0178285,-75.1334959
451,2693042.80544364,240695.67973579,130003,Alejo Grocery,Alejo Grocery,1634 Mount Vernon St,19130,Enhanced Healthy Corner Store,39.9648640,-75.1657230
452,2691809.24897572,242996.52574459,130004,Almonte Grocery,Neighbor Food Mart,1945 Poplar St,19130,Enhanced Healthy Corner Store,39.9715530,-75.1691080
453,2688272.58610350,251553.92186189,132109,Alvarez Grocery,Genesis Produce & Grocer,2565 N 30th St,19132,Enhanced Healthy Corner Store,39.9955540,-75.1803510
454,2675345.85588316,238524.22336806,139012,Aman Food Market,Aman Food Market,5343 Market St,19139,Enhanced Healthy Corner Store,39.9607030,-75.2284570
455,2679408.31125543,232041.32204728,143010,Ana Grocery,Ana Grocery,1262 S 49th St,19143,Enhanced Healthy Corner Store,39.9418970,-75.2141429
456,2675858.49169550,229899.86925751,143012,Angela Mini Mart,Arredondo Mini Mart,5700 Chester Ave,19143,Enhanced Healthy Corner Store,39.9364370,-75.2270720
457,2674300.08536704,233851.73701102,143015,Angelica Supermarket,Baltimore Supermarket,5445 Baltimore Avenue,19143,Enhanced Healthy Corner Store,39.9476070,-75.2333869
458,2701425.12018474,248271.49993278,133002,"Arturo Rojas Multi-Service I, I",Arturo Rojas Multi-Servi,147 W Dauphin St,19133,Enhanced Healthy Corner Store,,
459,2695591.04304776,229970.85341798,147057,Ascencios Grocery,Ascencio Grocery,1121 E Passyunk Ave,19147,Enhanced Healthy Corner Store,39.9352060,-75.1566069
460,2687532.39624295,250742.89024541,132064,Associated Food Market,Associated Food Market,3120-28 W York St,19132,Enhanced Healthy Corner Store,39.9928240,-75.1834490
461,2675017.26794922,224494.78856999,142002,B & J Supermarket,B & J Supermarket,6530 Elmwood Ave,19142,Enhanced Healthy Corner Store,39.9212300,-75.2312500
462,2699562.62074214,247342.34480104,122005,Baez Mini Market Llc #1,Baez Mini Market,412 Diamond St,19122,Enhanced Healthy Corner Store,39.9825090,-75.1409560
463,2698387.23064758,251902.08300523,133084,Balbi Food Market,Balbi Food Market,2865 N 8th St,19133,Enhanced Healthy Corner Store,39.9956910,-75.1442440
464,2702125.61676666,243951.01166315,125006,Belgrade Delicatessen,Belgrade Delicatessen,1400 E Columbia Ave,19125,Enhanced Healthy Corner Store,39.9731500,-75.1320727
465,2710924.09592564,254125.46601322,134011,Bills Deli,Bills Deli,2000 Castor Ave,19134,Enhanced Healthy Corner Store,40.0001740,-75.0997410
466,2701225.69640653,248298.72552206,133006,Blanca Food Market,Blanca Food Market,162 W Dauphin St,19133,Enhanced Healthy Corner Store,39.9850168,-75.1350263
544,2674618.44450828,226421.64852966,142084,Nina's Grocery & Variety,Nina's Grocery,6306 Woodland Ave,19142,Enhanced Healthy Corner Store,39.9270540,-75.2317650
545,2698767.16484172,242734.71173697,123007,Nuevo Amanecer Deli Supermarket,Girard Supermarket,429 W Girard Ave,19123,Enhanced Healthy Corner Store,39.9703800,-75.1443110
546,2698625.39030883,249215.22029333,133022,Nu�es Grocery,Nu�es Grocery,617 W York St,19133,Enhanced Healthy Corner Store,39.9880250,-75.1438490
547,2691011.58978657,229671.41375785,146036,Olivares Food Market,Alpha Beta Grocery,1718 Wharton St,19146,Enhanced Healthy Corner Store,39.9348633,-75.1732350
548,2697567.55378008,228039.22681958,147065,Pennsport Market,Pennsport Market,1425 E Moyamensing Ave,19147,Enhanced Healthy Corner Store,39.9297328,-75.1498272
549,2699251.14541373,247979.19359502,122023,"Peralta Food Market, Inc.",Peralta Food Market,501 W Susquehanna Ave,19122,Enhanced Healthy Corner Store,,
550,2691459.48835696,254758.24326729,132057,Peralta Grocery,Peralta Grocery,2400 W Allegheny Ave,19132,Enhanced Healthy Corner Store,40.0034250,-75.1692960
551,2707085.28311499,248870.24892005,134092,Peralta Grocery,Peralta Grocery,2916 Tulip St,19134,Enhanced Healthy Corner Store,39.9864138,-75.1139434
552,2707527.55634111,248830.16289484,134093,Peralta Julio Alberto,Peralta Grocery,2981 Memphis St,19134,Enhanced Healthy Corner Store,39.9860999,-75.1119298
553,2694922.85308094,228820.80386779,147040,Philamex Grocery Store Inc,Philamex Grocery,1341 S 9th St,19147,Enhanced Healthy Corner Store,39.9318880,-75.1591920
554,2695114.65037094,249696.86762139,132080,Philly's Choice Deli,Baez Grocery,1422 West York St.,19132,Enhanced Healthy Corner Store,39.9892950,-75.1565860
555,2700935.62286325,260186.17720934,140088,Philly's Food Market,Philly Food Market,4353 N 5Th St,19140,Enhanced Healthy Corner Store,40.0180090,-75.1342610
556,2699274.11405219,250847.53394051,133058,Philly's Mini Market,Galan,2701 N Fairhill St,19133,Enhanced Healthy Corner Store,39.9924087,-75.1413131
557,2676313.10444766,238805.69395542,139051,PM Food Market Inc,$,61 N 52nd St,19139,Enhanced Healthy Corner Store,39.9614150,-75.2242200
558,2696163.75398585,241091.84507281,123011,Polo Food Market,Brown Food Market,727 N 10th St,19123,Enhanced Healthy Corner Store,39.9660280,-75.1533510
559,2690253.50729199,246384.17685917,121048,Popex Mini Market,Popex Mini Market,2401 Cecil B Moore Ave,19121,Enhanced Healthy Corner Store,39.9810480,-75.1747260
560,2721041.03613311,259759.64325876,138051,Pretty Mary's 24/7 Neighborhood,Pretty Mary's 24/7 Neigh,2126 E Chelten Ave,19138,Enhanced Healthy Corner Store,40.0516880,-75.1565110
561,2697956.20275190,230433.85382845,147085,Queen Village Mini Market & Del,Queen Village Mini Marke,246 Christian St,19147,Enhanced Healthy Corner Store,39.9363167,-75.1486126
562,2702940.57997156,254326.61018669,134058,Rafa Grocery,Rafa Grocery,116 E Ontario St,19134,Enhanced Healthy Corner Store,40.0014180,-75.1281030
563,2701729.95350000,249342.56491021,133064,Ramos Food Market,Baez Grocery,145 W Cumberland,19133,Enhanced Healthy Corner Store,39.9881078,-75.1329743
564,2705086.45856379,250550.18103074,134107,Reyes Grocery,Reyes Grocery,1854 Hart Ln,19134,Enhanced Healthy Corner Store,39.9911510,-75.1209300
565,2706303.84182113,262979.56394240,120065,Ricardo'S Mini Market,Ricardo's Mini Mart,5000 Gransback St,19120,Enhanced Healthy Corner Store,40.0250695,-75.1153095
566,2675707.23945767,234193.17797033,143101,Rift Valley Grocery Store,Natural Coffee Landmark,715 S 52nd St,19143,Enhanced Healthy Corner Store,39.9483880,-75.2269990
567,2689674.30017251,244422.37977802,121057,Rodriguez Grocery,Rodriguez Grocery,2438 W Thompson St,19121,Enhanced Healthy Corner Store,39.9753312,-75.1767881
568,2687871.22641986,250699.09100272,132065,Rogelio Mini Market,Yello J&R Supermarket,3034-36 W York Street,19132,Enhanced Healthy Corner Store,39.9926290,-75.1822430
569,2698727.35469351,242740.05510630,123018,Rosa's Pretzel Bakery And Deli,Rosa's Bakery and Deli,441 W Girard Ave,19123,Enhanced Healthy Corner Store,39.9703960,-75.1446950
570,2694214.14896628,241223.94406206,130013,Sal's Produce Plus Inc,Sal's Produce Plus,676 N Broad St,19130,Enhanced Healthy Corner Store,39.9664040,-75.1608950
571,2675147.25162612,229893.04744316,143070,Samana Food Market,Samana Food Market,1801 S 58th St,19143,Enhanced Healthy Corner Store,39.9367710,-75.2294000
572,2702373.71683516,251289.39468333,133094,Sam's Supermarket,Sam's Supermarket,2852 N Front St,19133,Enhanced Healthy Corner Store,39.9938711,-75.1305060
573,2699671.34223864,249070.99145335,133014,San Miguel Deli,San Miguel Deli,425 W York St,19133,Enhanced Healthy Corner Store,39.9875508,-75.1403640
574,2694893.14062439,225398.04899583,148083,San Miguel Mini Market Inc,La Esperanza,2108 S 8Th St,19148,Enhanced Healthy Corner Store,39.9228225,-75.1599914
575,2689986.76110794,246999.62515817,121009,SH & FY Inc.,Barney's Market,2449 Ridge Avenue,19121,Enhanced Healthy Corner Store,39.9827256,-75.1750078
576,2678660.46591443,230333.94915481,143083,Shop & Go Convenience Store,Stop One Supermarket,5227 Woodland Ave,19143,Enhanced Healthy Corner Store,39.9349330,-75.2214599
577,2673475.02519271,234666.10991207,143081,Shop & Save Dollar Plus,Shop & Save Dollar Plus,5600 Catharine St,19143,Enhanced Healthy Corner Store,39.9497880,-75.2353510
578,2699251.89722234,274803.78092018,126009,Shopexpress,Shop Express,6900 Old York Rd,19126,Enhanced Healthy Corner Store,40.0582330,-75.1394830
579,2676396.41296336,230421.08687190,143125,Sister International Food Marke,Sister International Foo,5533 Chester Ave,19143,Enhanced Healthy Corner Store,39.9381476,-75.2254336
580,2709974.40544208,257122.02637910,124094,Sosa Food Market,Sosa Food Market,4062 L St,19124,Enhanced Healthy Corner Store,40.0091170,-75.1028200
581,2717727.41821460,264702.79110926,135030,Speedy's Mart,Speedy Food Mart,5934 Bustleton Ave.,19149,Enhanced Healthy Corner Store,40.0296427,-75.0738673
582,2702132.04164518,266973.74810181,120107,Starlite Grocery,Starlite Grocery,425 W Olney St,19120,Enhanced Healthy Corner Store,40.0365107,-75.1297575
583,2709808.91058076,270203.09443735,120110,Stop N Save Deli,Family Food,5921 Rising Sun Ave,19120,Enhanced Healthy Corner Store,40.0445236,-75.1012955
584,2729323.00985315,267956.47040385,136016,Stop N Shop,Stop N Shop,4345 Chippendale St,19136,Enhanced Healthy Corner Store,40.0362510,-75.0317410
585,2676049.19508862,236799.79673355,139068,Syed Brothers Supermarket,Syed Brothers,250 S 52nd St,19139,Enhanced Healthy Corner Store,39.9555760,-75.2260979
586,2709531.68916501,257980.56231433,124044,T & S Express Market,JP Grocery,1200 E Hunting Park Ave,19124,Enhanced Healthy Corner Store,40.0107740,-75.1040510
587,2701005.54923329,245333.78671598,122028,Tamyra Family Market,Tamyra Family Market,1770 N Mascher St,19122,Enhanced Healthy Corner Store,39.9773489,-75.1360100
588,2715535.33383338,276818.42687799,111016,Tanos Deli,Tano's Corner Deli,7401 Bingham St,19111,Enhanced Healthy Corner Store,40.0621972,-75.0806984
589,2692179.33584713,257167.75717552,132107,Tasty Kake Outlet,Tasty Kake Outlet,2236 Hunting Park Ave,19140,Enhanced Healthy Corner Store,40.0104568,-75.1655921
590,2690815.30309835,254844.75253435,132070,Tavares Grocery,Rodriguez Grocery,2514 W Allegheny Ave,19132,Enhanced Healthy Corner Store,40.0037150,-75.1713970
591,2705640.95045865,261395.40724055,120077,Thang Len Market,Community  Market,414 E Wyoming Ave,19120,Enhanced Healthy Corner Store,40.0205310,-75.1177570
592,2701367.34646336,263314.93048882,120079,The New Family Restaurant,New Family Restaurant,4936 N 5th St,19120,Enhanced Healthy Corner Store,40.0268910,-75.1329590
593,2691098.47750254,247394.35007754,121054,The Right Choice,The Right Choice,2221 W Berks St,19121,Enhanced Healthy Corner Store,39.9836251,-75.1708970
594,2689602.74687987,244905.06800684,121061,Three Sisters Grocery,3 Sisters Grocery,2500 W Master St,19121,Enhanced Healthy Corner Store,39.9766328,-75.1767525
595,2695346.28753128,239618.18648185,123033,Trebol Supermarket,Trebol Supermarket,1137 Spring Garden St,19123,Enhanced Healthy Corner Store,39.9620160,-75.1574399
596,2696494.25255135,253842.86476560,132056,Tres Torres,Peralta Grocery,1327 W Wishart St,19132,Enhanced Healthy Corner Store,40.0009281,-75.1516093
597,2700463.57879458,263229.63148744,120081,United Mini Market,United Mini Market,659 W Rockland St,19120,Enhanced Healthy Corner Store,40.0264210,-75.1363000
598,2678578.10320339,236087.02343272,139010,University Dollar Plus,University Dollar Plus,4734-40 Spruce Street,19139,Enhanced Healthy Corner Store,39.9534717,-75.2171503
599,2691450.11484505,241160.26410657,130016,Wallace Market,Wallace Market,2000 Wallace St,19130,Enhanced Healthy Corner Store,39.9661500,-75.1705420
600,2704788.71296192,252223.85919907,134071,Wensle Mini Mart,Wensle Mini Mart,3061 D St,19134,Enhanced Healthy Corner Store,39.9958110,-75.1214910
601,2691689.78705732,253383.38571557,132019,Weso Mini Market,Cruz Mini Mart,2964 N 23rd St,19132,Enhanced Healthy Corner Store,40.0003519,-75.1684136
602,2670653.49473584,238968.52029814,139011,West Philadelphia Produce,West Philadelphia Produc,18 S 62nd St,19139,Enhanced Healthy Corner Store,39.9618240,-75.2449800
603,2693009.79135303,224825.22206866,148098,Wolf Variety Store,Wolf Variety Store,2301 S 12th St,19148,Enhanced Healthy Corner Store,39.9212920,-75.1663810
604,2691641.05314078,251884.47290202,132077,Yadira Grocery,Yadira Grocery,2227 W Lehigh Ave,19132,Enhanced Healthy Corner Store,39.9959670,-75.1686488
605,2690372.67329554,253776.19516454,132078,Young's Mart,Youngs Market,3001 N 26Th St,19132,Enhanced Healthy Corner Store,40.0011040,-75.1727100
606,2730117.98470295,266583.11946609,136018,Z & Y Food Market,Bythrow Deli,7601 Torresdale Ave,19136,Enhanced Healthy Corner Store,40.0333921,-75.0281150
607,2698034.38255596,244785.58543403,122006,Zenarda Grocery,Belmis Mini Market,643 W Oxford Avenue,19122,Enhanced Healthy Corner Store,39.9760080,-75.1469860
608,2703890.36909109,262508.17151501,120099,Tienda Mex,$,4831 Rising Sun Ave.,19120,Enhanced Healthy Corner Store,40.0240120,-75.1233139
609,2699883.45026997,262771.57211243,120060,P & R Grocery,$,4800 N 8th St,19120,Enhanced Healthy Corner Store,40.0250620,-75.1383190
610,2707570.13745764,260529.34547669,120025,El Mayimbe Mini Market,$,4598 G St,19120,Enhanced Healthy Corner Store,40.0181430,-75.1111559
611,2702138.97376743,266972.80895496,120078,Thank God Grocery,$,420 W Olney Ave,19120,Enhanced Healthy Corner Store,40.0361592,-75.1297181
612,2692891.48860081,255421.27502310,140105,3 J Food Market,$,3324 N 21st St,19140,Enhanced Healthy Corner Store,40.0053539,-75.1640380
613,2688655.31842113,250936.03727668,132002,7 Days Food Market,$,2462 N 29Th St,19132,Enhanced Healthy Corner Store,39.9938999,-75.1795220
614,2702026.26635060,262182.54187739,120011,Brito Grocery,$,4729 N 3rd St,19120,Enhanced Healthy Corner Store,40.0230670,-75.1302610
615,2692602.69496504,269693.49383273,138004,Cawley's Market,$,5616 Chew Ave,19138,Enhanced Healthy Corner Store,40.0444210,-75.1635740
616,2679679.28350423,260339.54641109,128007,Commissary Food Market,$,5255 Ridge Ave,19128,Enhanced Healthy Corner Store,40.0200050,-75.2100560
617,2700521.55914206,251250.01671616,133088,"Coral 1, 2, 3 y Mas",$,301 West Somerset St.,19133,Enhanced Healthy Corner Store,31.6781005,34.6206644
618,2693026.73915355,249229.94034719,132081,Dauphin St Grocery & Deli,$,2267 North 19th St.,19132,Enhanced Healthy Corner Store,39.9887912,-75.1636489
619,2693549.20471302,255064.62926354,140042,Denny's Grocery,$,1943 W Westmoreland St,19140,Enhanced Healthy Corner Store,40.0045659,-75.1619180
620,2691994.09145911,252234.60671323,132028,G and F Grocery,$,2768 N 22nd St,19132,Enhanced Healthy Corner Store,39.9971341,-75.1674602
621,2695290.60411974,270766.29596349,138016,J & J Grocery,$,2001 W Spencer St,19138,Enhanced Healthy Corner Store,40.0474585,-75.1537230
622,2695233.75032890,255402.04609660,140057,Corner Food Market,$,3401 N 16th St,19140,Enhanced Healthy Corner Store,40.0051630,-75.1551670
623,2688982.92540363,252247.65251875,132067,Lehigh Ave Supermarket,$,2837 West Lehigh Avenue,19132,Enhanced Healthy Corner Store,39.9972020,-75.1782543
